Doi,Year,Name,Abbreviation,Sintering temperature,Sintering time,Category,Cycle,Capacity,Retention,Current: mAg-1,Current: C,Voltage lower limit,Voltage upper limit,Elements
10.1016/j.jallcom.2019.03.257,2019,P2-Na0.67Mn0.5Co0.33Cu0.17O2,MCC,900.0,15.0,Cycling performance,1.0,105.0,,10.0,0.0952380952380952,1.6,4.3,"{'Na': '0.67', 'Mn': '0.5', 'Co': '0.33', 'Cu': '0.17', 'O': '2'}"
10.1016/j.electacta.2021.138561,2021,NaMn0.4Fe0.2Ni0.4O2,,900.0,12.0,Rate performance,,146.9,,14.0,0.0953029271613342,2.0,4.0,"{'Na': '1', 'Mn': '0.4', 'Fe': '0.2', 'Ni': '0.4', 'O': '2'}"
10.1039/d1ta10329f,2021,NaMn0.33Fe0.33Ni0.33O2,,,,Cycling performance,1.0,136.4,,13.0,0.095307917888563,2.0,4.0,"{'Na': '1', 'Mn': '0.33', 'Fe': '0.33', 'Ni': '0.33', 'O': '2'}"
10.1039/d1ta10329f,2021,NaMn0.23Co0.02Ni0.75O2,,,,Cycling performance,1.0,157.0,,15.0,0.0955414012738853,1.5,3.9,"{'Na': '1', 'Mn': '0.23', 'Co': '0.02', 'Ni': '0.75', 'O': '2'}"
10.1039/d1ta10329f,2021,NaMn0.33Fe0.33Ni0.33O2,,,,Rate performance,,136.0,,13.0,0.0955882352941176,2.0,4.0,"{'Na': '1', 'Mn': '0.33', 'Fe': '0.33', 'Ni': '0.33', 'O': '2'}"
10.1039/c5cc02233a,2015,NaTi0.5Ni0.5O2,,,,Cycling performance,1.0,126.4,,12.1,0.0957278481012658,1.5,4.0,"{'Na': '1', 'Ti': '0.5', 'Ni': '0.5', 'O': '2'}"
10.1016/j.electacta.2021.138561,2021,NaMn0.4Fe0.2Ni0.4O2,,900.0,12.0,Rate performance,,146.2,,14.0,0.0957592339261286,2.0,4.0,"{'Na': '1', 'Mn': '0.4', 'Fe': '0.2', 'Ni': '0.4', 'O': '2'}"
10.1016/j.electacta.2019.06.020,2019,P2/O3-Na0.67Mn0.57Ni0.33Sn0.1O2,,1000.0,15.0,Cycling performance,1.0,155.2,,15.0,0.0966494845360824,2.0,4.3,"{'Na': '0.67', 'Mn': '0.57', 'Ni': '0.33', 'Sn': '0.1', 'O': '2'}"
10.1016/j.carbon.2019.11.011,2020,Na0.8Mn0.66Ni0.22Zn0.06O2,,900.0,15.0,Cycling performance,100.0,124.0,,12.0,0.0967741935483871,,,"{'Na': '0.8', 'Mn': '0.66', 'Ni': '0.22', 'Zn': '0.06', 'O': '2'}"
10.1016/j.jpowsour.2019.03.031,2019,NaMn0.2Co0.2Ni0.6O2,Na-NCM622,680.0,24.0,Cycling performance,1.0,154.8,,15.0,0.0968992248062015,1.5,4.1,"{'Na': '1', 'Mn': '0.2', 'Co': '0.2', 'Ni': '0.6', 'O': '2'}"
10.1016/j.ceramint.2023.03.009,2023,P2-Na0.67Mn0.67Ni0.33O2,,850.0,14.0,Cycling performance,100.0,154.7,,15.0,0.096961861667744,2.0,4.3,"{'Na': '0.67', 'Mn': '0.67', 'Ni': '0.33', 'O': '2'}"
10.1016/j.jpowsour.2019.03.031,2019,NaMn0.2Co0.2Ni0.6O2,Na-NCM622,680.0,24.0,Cycling performance,1.0,154.6,,15.0,0.0970245795601552,1.5,4.1,"{'Na': '1', 'Mn': '0.2', 'Co': '0.2', 'Ni': '0.6', 'O': '2'}"
10.1016/j.electacta.2017.12.177,2018,Na0.7Li0.3Mn0.75O2,,800.0,12.0,Rate performance,,175.0,,17.0,0.0971428571428571,,,"{'Na': '0.7', 'Li': '0.3', 'Mn': '0.75', 'O': '2'}"
10.1039/c9ta01540j,2019,NaCrO2,NCO,900.0,5.0,Cycling performance,1.0,113.1,,11.0,0.0972590627763041,1.8,3.4,"{'Na': '1', 'Cr': '1', 'O': '2'}"
10.1016/j.jpowsour.2019.03.031,2019,NaMn0.2Co0.2Ni0.6O2,Na-NCM622,680.0,24.0,Cycling performance,1.0,154.0,,15.0,0.0974025974025974,1.5,4.1,"{'Na': '1', 'Mn': '0.2', 'Co': '0.2', 'Ni': '0.6', 'O': '2'}"
10.1039/c8ta10980j,2018,P2-Na0.67Mn0.67Ni0.33O2,NaNMO,850.0,12.0,Rate performance,,164.2,,16.0,0.097442143727162,2.5,4.5,"{'Na': '0.67', 'Mn': '0.67', 'Ni': '0.33', 'O': '2'}"
10.1039/c7qi00778g,2017,Na0.67Cr0.1Mn0.65Co0.25O2,,900.0,5.0,Rate performance,,102.0,,10.0,0.0980392156862745,2.0,4.2,"{'Na': '0.67', 'Cr': '0.1', 'Mn': '0.65', 'Co': '0.25', 'O': '2'}"
10.1016/j.electacta.2018.11.137,2019,Na0.83Ti0.17Cr0.33Mn0.17Fe0.33O2,NCFMT,900.0,12.0,Rate performance,,161.3,,16.0,0.0991940483570985,,,"{'Na': '0.83', 'Ti': '0.17', 'Cr': '0.33', 'Mn': '0.17', 'Fe': '0.33', 'O': '2'}"
10.1039/d1ta10329f,2021,NaLi0.05Mg0.05Mn0.5Ni0.3Cu0.1O2,,,,Cycling performance,400.0,141.0,,14.0,0.0992907801418439,1.5,4.5,"{'Na': '1', 'Li': '0.05', 'Mg': '0.05', 'Mn': '0.5', 'Ni': '0.3', 'Cu': '0.1', 'O': '2'}"
10.1039/d1ta10329f,2021,NaMn0.2Co0.2Ni0.6O2,,,,Rate performance,,151.0,,15.0,0.0993377483443708,1.5,4.1,"{'Na': '1', 'Mn': '0.2', 'Co': '0.2', 'Ni': '0.6', 'O': '2'}"
10.1016/j.ensm.2022.02.043,2022,O3-NaMn0.5Ni0.5O2,NNMO,800.0,24.0,Rate performance,,125.5,,12.5,0.099601593625498,1.5,3.9,"{'Na': '1', 'Mn': '0.5', 'Ni': '0.5', 'O': '2'}"
10.1039/c8nr09601e,2018,P2-Na0.67Mn0.6Co0.1Ni0.3O2,Ni0.3Co0.1Mn0.6,850.0,12.0,Rate performance,,150.6,,15.0,0.099601593625498,2.0,4.3,"{'Na': '0.67', 'Mn': '0.6', 'Co': '0.1', 'Ni': '0.3', 'O': '2'}"
10.1016/j.cplett.2021.139050,2021,P2-Na0.59Ti0.1V0.05Mn0.85Co0.1O2,NCMTV,1000.0,12.0,Cycling performance,50.0,,77.37,,0.1,2.0,4.0,"{'Na': '0.59', 'Ti': '0.1', 'V': '0.05', 'Mn': '0.85', 'Co': '0.1', 'O': '2'}"
10.1016/j.electacta.2015.02.043,2015,NaLi0.2Mn0.8O2,,730.0,20.0,Cycling performance,1.0,300.0,,,0.1,1.5,4.5,"{'Na': '1', 'Li': '0.2', 'Mn': '0.8', 'O': '2'}"
10.1016/j.electacta.2015.02.043,2015,NaLi0.2Mn0.8O2,,730.0,20.0,Cycling performance,40.0,234.0,,,0.1,1.5,4.5,"{'Na': '1', 'Li': '0.2', 'Mn': '0.8', 'O': '2'}"
10.1016/j.jpowsour.2018.02.053,2018,P2-Na0.67Mn0.67Ni0.33O2,,900.0,16.0,Rate performance,,86.0,,,0.1,2.2,3.9,"{'Na': '0.67', 'Mn': '0.67', 'Ni': '0.33', 'O': '2'}"
10.1016/j.jpowsour.2018.06.058,2018,Na0.67Li0.2,,900.0,24.0,Cycling performance,1.0,151.0,,15.0,0.1,1.5,4.3,"{'Na': '0.67', 'Li': '0.2'}"
10.1016/j.jpowsour.2018.06.058,2018,Na0.67Li0.2,,900.0,24.0,Cycling performance,50.0,117.8,,15.0,0.1,1.5,4.3,"{'Na': '0.67', 'Li': '0.2'}"
10.1016/j.electacta.2015.01.118,2015,O3-Na0.8Ti0.5Co0.2Ni0.3O2,,950.0,15.0,Rate performance,,80.0,,,0.1,2.5,4.2,"{'Na': '0.8', 'Ti': '0.5', 'Co': '0.2', 'Ni': '0.3', 'O': '2'}"
10.1016/j.colsurfa.2021.127929,2022,O3-Na0.9Cr0.5Fe0.5O2,NCF,900.0,12.0,Cycling performance,100.0,,69.32,,0.1,2.0,4.0,"{'Na': '0.9', 'Cr': '0.5', 'Fe': '0.5', 'O': '2'}"
10.1016/j.electacta.2015.01.118,2015,O3-Na0.8Ti0.5Co0.2Ni0.3O2,,950.0,15.0,Cycling performance,1.0,84.0,,,0.1,2.5,4.2,"{'Na': '0.8', 'Ti': '0.5', 'Co': '0.2', 'Ni': '0.3', 'O': '2'}"
10.1016/j.electacta.2014.10.151,2014,NaFeO2,,900.0,16.0,Cycling performance,100.0,200.0,,20.0,0.1,2.5,4.5,"{'Na': '1', 'Fe': '1', 'O': '2'}"
10.1016/j.jpowsour.2018.06.058,2018,Na0.67Li0.2,,900.0,24.0,Cycling performance,50.0,,78.0,15.0,0.1,1.5,4.3,"{'Na': '0.67', 'Li': '0.2'}"
10.1016/j.jpowsour.2018.06.058,2018,O3-Na0.66Li0.18Mn0.71Co0.08Ni0.21O2,,900.0,24.0,Rate performance,,150.0,,15.0,0.1,1.5,4.3,"{'Na': '0.66', 'Li': '0.18', 'Mn': '0.71', 'Co': '0.08', 'Ni': '0.21', 'O': '2'}"
10.1039/d2qi01018f,2022,P2/O3-Na0.7Li0.1Mn0.6Fe0.2Ni0.1O2,LN,900.0,12.0,Cycling performance,1.0,137.0,,,0.1,2.5,4.3,"{'Na': '0.7', 'Li': '0.1', 'Mn': '0.6', 'Fe': '0.2', 'Ni': '0.1', 'O': '2'}"
10.1016/j.ensm.2022.06.035,2022,NaTi0.2Mn0.2Fe0.2Ni0.3Cu0.1O2,NCNFMT,1250.0,5.0,Cycling performance,100.0,130.0,,13.0,0.1,2.0,3.9,"{'Na': '1', 'Ti': '0.2', 'Mn': '0.2', 'Fe': '0.2', 'Ni': '0.3', 'Cu': '0.1', 'O': '2'}"
10.1039/d2qi01018f,2022,P2/O3-Na0.7Li0.1Mn0.6Fe0.2Ni0.1O2,LN,900.0,12.0,Cycling performance,500.0,,74.6,,0.1,2.5,4.3,"{'Na': '0.7', 'Li': '0.1', 'Mn': '0.6', 'Fe': '0.2', 'Ni': '0.1', 'O': '2'}"
10.1016/j.matchar.2021.111078,2021,P2-Na0.66Mn0.56Ni0.33Al0.11O2,,950.0,2.0,Rate performance,,184.0,,,0.1,1.5,4.5,"{'Na': '0.66', 'Mn': '0.56', 'Ni': '0.33', 'Al': '0.11', 'O': '2'}"
10.1016/j.matchar.2021.111078,2021,P2-Na0.66Mn0.56Ni0.33Al0.11O2,,950.0,2.0,Cycling performance,30.0,,43.0,,0.1,1.5,4.8,"{'Na': '0.66', 'Mn': '0.56', 'Ni': '0.33', 'Al': '0.11', 'O': '2'}"
10.1016/j.apt.2019.10.010,2020,P2-Na0.67Mn0.5Fe0.5O2,,,,Cycling performance,1.0,217.9,,,0.1,,,"{'Na': '0.67', 'Mn': '0.5', 'Fe': '0.5', 'O': '2'}"
10.1016/j.jpowsour.2019.226760,2019,NaCr0.8Mn0.2O2,,1000.0,20.0,Rate performance,,103.0,,,0.1,2.0,3.8,"{'Na': '1', 'Cr': '0.8', 'Mn': '0.2', 'O': '2'}"
10.1039/d2qi01018f,2022,P2/O3-Na0.7Li0.1Mn0.6Fe0.2Ni0.1O2,LN,900.0,12.0,Cycling performance,100.0,,85.4,,0.1,2.5,4.3,"{'Na': '0.7', 'Li': '0.1', 'Mn': '0.6', 'Fe': '0.2', 'Ni': '0.1', 'O': '2'}"
10.1016/j.jpowsour.2019.226760,2019,NaCr0.8Mn0.2O2,,1000.0,20.0,Rate performance,,98.0,,,0.1,2.0,3.8,"{'Na': '1', 'Cr': '0.8', 'Mn': '0.2', 'O': '2'}"
10.1016/j.jpowsour.2019.226760,2019,NaCr0.8Mn0.2O2,,1000.0,20.0,Cycling performance,100.0,,90.0,,0.1,2.0,3.8,"{'Na': '1', 'Cr': '0.8', 'Mn': '0.2', 'O': '2'}"
10.1016/j.jpowsour.2019.226760,2019,NaCrO2,,1000.0,20.0,Cycling performance,100.0,,30.0,,0.1,2.0,3.8,"{'Na': '1', 'Cr': '1', 'O': '2'}"
10.1016/j.electacta.2015.02.043,2015,NaLi0.2Mn0.8O2,,730.0,20.0,Cycling performance,40.0,,78.0,,0.1,1.5,4.5,"{'Na': '1', 'Li': '0.2', 'Mn': '0.8', 'O': '2'}"
10.1016/j.electacta.2015.02.043,2015,NaLi0.2Mn0.8O2,,730.0,20.0,Cycling performance,1.0,200.0,,,0.1,1.5,4.5,"{'Na': '1', 'Li': '0.2', 'Mn': '0.8', 'O': '2'}"
10.1016/j.electacta.2016.04.067,2016,Na0.67Mn0.4Co0.2Ni0.4O2,,900.0,10.0,Rate performance,,124.0,,,0.1,1.5,4.2,"{'Na': '0.67', 'Mn': '0.4', 'Co': '0.2', 'Ni': '0.4', 'O': '2'}"
10.1016/j.apsusc.2022.155097,2023,P2-Na0.8Mn0.9Cu0.1O2,NCMO,900.0,12.0,Rate performance,,147.1,,,0.1,1.5,4.5,"{'Na': '0.8', 'Mn': '0.9', 'Cu': '0.1', 'O': '2'}"
10.1016/j.colsurfa.2021.127929,2022,O3-Na0.9Cr0.5Fe0.5O2,NCF,900.0,12.0,Cycling performance,100.0,89.3,,,0.1,2.0,4.0,"{'Na': '0.9', 'Cr': '0.5', 'Fe': '0.5', 'O': '2'}"
10.1016/j.jiec.2021.07.021,2021,P2-NaTi0.6Co0.1Ni0.3O2,NTNC,900.0,12.0,Rate performance,,96.0,,,0.1,2.0,4.0,"{'Na': '1', 'Ti': '0.6', 'Co': '0.1', 'Ni': '0.3', 'O': '2'}"
10.1016/j.jiec.2021.07.021,2021,O3-NaTi0.6Co0.1Ni0.3O2,NTNC,900.0,12.0,Rate performance,,103.0,,,0.1,2.0,4.0,"{'Na': '1', 'Ti': '0.6', 'Co': '0.1', 'Ni': '0.3', 'O': '2'}"
10.1016/j.jiec.2021.07.021,2021,O3-NaTi0.6Co0.1Ni0.3O2,NTNC,900.0,12.0,Rate performance,,90.0,,,0.1,2.0,4.0,"{'Na': '1', 'Ti': '0.6', 'Co': '0.1', 'Ni': '0.3', 'O': '2'}"
10.1016/j.electacta.2016.09.003,2016,Na0.67Mn0.72Co0.14Ni0.14O2,,800.0,12.0,Rate performance,,190.0,,,0.1,1.5,4.3,"{'Na': '0.67', 'Mn': '0.72', 'Co': '0.14', 'Ni': '0.14', 'O': '2'}"
10.1016/j.colsurfa.2021.127929,2022,O3-Na0.9Cr0.5Fe0.5O2,NCF,900.0,12.0,Rate performance,,125.71,,,0.1,2.0,4.0,"{'Na': '0.9', 'Cr': '0.5', 'Fe': '0.5', 'O': '2'}"
10.1016/j.jpowsour.2013.04.059,2013,Na0.6Li0.2Mn0.8O2,,,,Cycling performance,1.0,247.0,,,0.1,2.0,4.8,"{'Na': '0.6', 'Li': '0.2', 'Mn': '0.8', 'O': '2'}"
10.1016/j.apsusc.2022.155097,2023,P2-Na0.8Mn0.9Cu0.1O2,NCMO,900.0,12.0,Rate performance,,166.5,,,0.1,1.5,4.5,"{'Na': '0.8', 'Mn': '0.9', 'Cu': '0.1', 'O': '2'}"
10.1016/j.matchemphys.2023.127307,2023,Na0.7MnO2.05,,800.0,4.0,Cycling performance,500.0,,84.75,,0.1,2.0,4.5,"{'Na': '0.7', 'Mn': '1', 'O': '2.05'}"
10.1016/j.jpowsour.2016.07.109,2016,NaTi0.2Mn0.3Ni0.5O2,,900.0,15.0,Rate performance,,136.0,,,0.1,2.0,4.0,"{'Na': '1', 'Ti': '0.2', 'Mn': '0.3', 'Ni': '0.5', 'O': '2'}"
10.1016/j.electacta.2013.09.098,2013,P2-Na0.67Mn0.67Ni0.33O2,,800.0,12.0,Cycling performance,100.0,,67.0,135.0,0.1,1.6,3.8,"{'Na': '0.67', 'Mn': '0.67', 'Ni': '0.33', 'O': '2'}"
10.1016/j.matchemphys.2023.127307,2023,Na0.7MnO2.05,,800.0,4.0,Cycling performance,500.0,92.9,,,0.1,2.0,4.5,"{'Na': '0.7', 'Mn': '1', 'O': '2.05'}"
10.1016/j.jpowsour.2016.10.067,2016,NaNi0.5Zn0.17Sb0.33O2,NNS,1020.0,12.0,Rate performance,,145.0,,,0.1,,,"{'Na': '1', 'Ni': '0.5', 'Zn': '0.17', 'Sb': '0.33', 'O': '2'}"
10.1016/j.jpowsour.2016.10.067,2016,NaNi0.5Zn0.17Sb0.33O2,NNS,1020.0,12.0,Cycling performance,10.0,,20.0,,0.1,2.7,4.2,"{'Na': '1', 'Ni': '0.5', 'Zn': '0.17', 'Sb': '0.33', 'O': '2'}"
10.1016/j.colsurfa.2021.127929,2022,O3-Na0.9Cr0.5Fe0.5O2,NCF,900.0,12.0,Rate performance,,118.56,,,0.1,2.0,4.0,"{'Na': '0.9', 'Cr': '0.5', 'Fe': '0.5', 'O': '2'}"
10.1016/j.jpowsour.2017.04.076,2017,Na0.67Mn0.89Al0.11O2,,750.0,12.0,Rate performance,,162.3,,,0.1,,,"{'Na': '0.67', 'Mn': '0.89', 'Al': '0.11', 'O': '2'}"
10.1016/j.jpowsour.2017.04.076,2017,Na0.67Mn0.89Al0.11O2,,750.0,12.0,Rate performance,,162.3,,,0.1,2.0,4.0,"{'Na': '0.67', 'Mn': '0.89', 'Al': '0.11', 'O': '2'}"
10.1016/j.jpowsour.2017.04.076,2017,Na0.67Mn0.89Al0.11O2,,750.0,12.0,Rate performance,,162.4,,,0.1,2.0,4.0,"{'Na': '0.67', 'Mn': '0.89', 'Al': '0.11', 'O': '2'}"
10.1016/j.electacta.2016.04.067,2016,Na0.67Mn0.4Co0.2Ni0.4O2,,900.0,10.0,Rate performance,,20.0,,,0.1,1.5,4.2,"{'Na': '0.67', 'Mn': '0.4', 'Co': '0.2', 'Ni': '0.4', 'O': '2'}"
10.1016/j.jpowsour.2017.04.076,2017,Na0.67MnO2,,750.0,12.0,Rate performance,,154.1,,,0.1,2.0,4.0,"{'Na': '0.67', 'Mn': '1', 'O': '2'}"
10.1016/j.jpowsour.2017.06.014,2017,Na1.33Ni0.33Te0.33O2,,900.0,10.0,Rate performance,,111.0,,,0.1,,,"{'Na': '1.33', 'Ni': '0.33', 'Te': '0.33', 'O': '2'}"
10.1016/j.jpowsour.2017.06.014,2017,Na1.33Ni0.33Te0.33O2,,900.0,10.0,Rate performance,,111.2,,,0.1,,,"{'Na': '1.33', 'Ni': '0.33', 'Te': '0.33', 'O': '2'}"
10.1016/j.matchemphys.2023.127307,2023,Na0.7MnO2.05,,800.0,4.0,Cycling performance,1.0,109.56,,,0.1,2.0,4.5,"{'Na': '0.7', 'Mn': '1', 'O': '2.05'}"
10.1016/j.compositesb.2022.109912,2022,Na0.75Mn0.5Fe0.25Cu0.25O2,NFCM-3,850.0,6.0,Rate performance,,100.0,,,0.1,2.5,4.1,"{'Na': '0.75', 'Mn': '0.5', 'Fe': '0.25', 'Cu': '0.25', 'O': '2'}"
10.1016/j.apsusc.2022.155097,2023,P2-Na0.8Mn0.9Cu0.1O2,NCMO,900.0,12.0,Cycling performance,50.0,,45.8,,0.1,1.5,4.5,"{'Na': '0.8', 'Mn': '0.9', 'Cu': '0.1', 'O': '2'}"
10.1016/j.apsusc.2022.155097,2023,P2-Na0.8Li0.15Mn0.75Cu0.1O2,NLCMO,900.0,12.0,Cycling performance,50.0,,71.6,,0.1,1.5,4.5,"{'Na': '0.8', 'Li': '0.15', 'Mn': '0.75', 'Cu': '0.1', 'O': '2'}"
10.1016/j.jpowsour.2023.232930,2023,NaMn0.45Fe0.3Cu0.25O2,NFMCu-0.2,800.0,15.0,Cycling performance,100.0,,82.9,,0.1,2.1,4.3,"{'Na': '1', 'Mn': '0.45', 'Fe': '0.3', 'Cu': '0.25', 'O': '2'}"
10.1016/j.jpowsour.2023.232930,2023,NaMn0.45Fe0.3Cu0.25O2,NFMCu-0.2,800.0,15.0,Rate performance,,104.3,,,0.1,2.1,4.3,"{'Na': '1', 'Mn': '0.45', 'Fe': '0.3', 'Cu': '0.25', 'O': '2'}"
10.1016/j.jtice.2020.11.032,2020,O3-Na0.9Mn0.55Ni0.35Cu0.1O2,,900.0,12.0,Rate performance,,167.0,,,0.1,2.0,4.0,"{'Na': '0.9', 'Mn': '0.55', 'Ni': '0.35', 'Cu': '0.1', 'O': '2'}"
10.1016/j.jtice.2020.11.032,2020,O3-Na0.9Mn0.55Ni0.35Cu0.1O2,,900.0,12.0,Rate performance,,168.22,,,0.1,2.0,4.0,"{'Na': '0.9', 'Mn': '0.55', 'Ni': '0.35', 'Cu': '0.1', 'O': '2'}"
10.1016/j.apsusc.2022.155097,2023,P2-Na0.8Mn0.9Cu0.1O2,NCMO,900.0,12.0,Cycling performance,50.0,,71.6,,0.1,1.5,4.5,"{'Na': '0.8', 'Mn': '0.9', 'Cu': '0.1', 'O': '2'}"
10.1016/j.jre.2018.12.019,2019,Na0.67La0.01Ti0.2Mn0.44Co0.35O2,,950.0,12.0,Rate performance,,127.1,,,0.1,1.5,4.0,"{'Na': '0.67', 'La': '0.01', 'Ti': '0.2', 'Mn': '0.44', 'Co': '0.35', 'O': '2'}"
10.1016/j.jre.2018.12.019,2019,Na0.67Ti0.2Mn0.45Co0.35O2,,950.0,12.0,Cycling performance,50.0,,56.2,,0.1,1.5,4.0,"{'Na': '0.67', 'Ti': '0.2', 'Mn': '0.45', 'Co': '0.35', 'O': '2'}"
10.1016/j.apsusc.2022.155097,2023,P2-Na0.8Li0.15Mn0.75Cu0.1O2,NLCMO,900.0,12.0,Cycling performance,1.0,208.4,,,0.1,1.5,4.5,"{'Na': '0.8', 'Li': '0.15', 'Mn': '0.75', 'Cu': '0.1', 'O': '2'}"
10.1016/j.jre.2018.12.019,2019,Na0.67Ti0.2Mn0.45Co0.35O2,,950.0,12.0,Cycling performance,50.0,74.5,,,0.1,1.5,4.0,"{'Na': '0.67', 'Ti': '0.2', 'Mn': '0.45', 'Co': '0.35', 'O': '2'}"
10.1016/j.apt.2018.01.027,2018,Na0.66Li0.2Ti0.5Mn0.5O2,,800.0,10.0,Cycling performance,100.0,128.0,,,0.1,,,"{'Na': '0.66', 'Li': '0.2', 'Ti': '0.5', 'Mn': '0.5', 'O': '2'}"
10.1016/j.cplett.2021.139050,2021,P2-Na0.59Mn0.9Co0.1O2,NCM,1000.0,12.0,Rate performance,,164.45,,,0.1,2.0,4.0,"{'Na': '0.59', 'Mn': '0.9', 'Co': '0.1', 'O': '2'}"
10.1016/j.jre.2018.12.019,2019,Na0.67Ti0.2Mn0.45Co0.35O2,,950.0,12.0,Cycling performance,1.0,132.5,,,0.1,1.5,4.0,"{'Na': '0.67', 'Ti': '0.2', 'Mn': '0.45', 'Co': '0.35', 'O': '2'}"
10.1016/j.jpowsour.2023.232930,2023,NaMn0.45Fe0.3Cu0.25O2,NFMCu-0.2,800.0,15.0,Cycling performance,100.0,84.65,,,0.1,1.5,4.3,"{'Na': '1', 'Mn': '0.45', 'Fe': '0.3', 'Cu': '0.25', 'O': '2'}"
10.1039/d2qi01018f,2022,P2-Na0.7Mn0.6Fe0.4O2,FM,900.0,12.0,Cycling performance,100.0,,40.9,,0.1,2.5,4.3,"{'Na': '0.7', 'Mn': '0.6', 'Fe': '0.4', 'O': '2'}"
10.1016/j.jpowsour.2023.233228,2023,P2-Na0.67Fe0.1Mn0.9O1.98,,1000.0,8.0,Cycling performance,1.0,200.0,,20.0,0.1,,,"{'Na': '0.67', 'Mn': '0.9', 'Fe': '0.1', 'O': '1.98'}"
10.1016/j.jre.2018.12.019,2019,Na0.67La0.01Ti0.2Mn0.44Co0.35O2,,950.0,12.0,Cycling performance,1.0,162.7,,,0.1,1.5,4.0,"{'Na': '0.67', 'La': '0.01', 'Ti': '0.2', 'Mn': '0.44', 'Co': '0.35', 'O': '2'}"
10.1016/j.cplett.2021.139050,2021,P2-Na0.59Ti0.1V0.05Mn0.85Co0.1O2,NCMTV,1000.0,12.0,Cycling performance,1.0,164.27,,,0.1,2.0,4.0,"{'Na': '0.59', 'Ti': '0.1', 'V': '0.05', 'Mn': '0.85', 'Co': '0.1', 'O': '2'}"
10.1016/j.cplett.2021.139050,2021,Na0.67CoO2,,1000.0,12.0,Cycling performance,1.0,145.9,,,0.1,2.0,4.0,"{'Na': '0.67', 'Co': '1', 'O': '2'}"
10.1016/j.jre.2018.12.019,2019,Na0.67La0.01Ti0.2Mn0.44Co0.35O2,,950.0,12.0,Cycling performance,100.0,98.6,,,0.1,1.5,4.0,"{'Na': '0.67', 'La': '0.01', 'Ti': '0.2', 'Mn': '0.44', 'Co': '0.35', 'O': '2'}"
10.1016/j.jre.2018.12.019,2019,Na0.67La0.01Ti0.2Mn0.44Co0.35O2,,950.0,12.0,Cycling performance,100.0,,60.6,,0.1,1.5,4.0,"{'Na': '0.67', 'La': '0.01', 'Ti': '0.2', 'Mn': '0.44', 'Co': '0.35', 'O': '2'}"
10.1016/j.cplett.2021.139050,2021,P2-Na0.59Ti0.1V0.05Mn0.85Co0.1O2,NCMTV,1000.0,12.0,Cycling performance,50.0,127.73,,,0.1,2.0,4.0,"{'Na': '0.59', 'Ti': '0.1', 'V': '0.05', 'Mn': '0.85', 'Co': '0.1', 'O': '2'}"
10.1016/j.cplett.2021.139050,2021,P2-Na0.59Ti0.1V0.05Mn0.85Co0.1O2,NCMTV,1000.0,12.0,Cycling performance,50.0,,93.34,,0.1,2.0,4.0,"{'Na': '0.59', 'Ti': '0.1', 'V': '0.05', 'Mn': '0.85', 'Co': '0.1', 'O': '2'}"
10.1016/j.jpowsour.2023.232930,2023,NaMn0.45Fe0.3Cu0.25O2,NFMCu-0.2,800.0,15.0,Rate performance,,105.6,,,0.1,2.1,4.3,"{'Na': '1', 'Mn': '0.45', 'Fe': '0.3', 'Cu': '0.25', 'O': '2'}"
10.1016/j.cplett.2021.139050,2021,P2-Na0.59Ti0.1V0.05Mn0.85Co0.1O2,NCMTV,1000.0,12.0,Cycling performance,1.0,165.1,,,0.1,2.0,4.0,"{'Na': '0.59', 'Ti': '0.1', 'V': '0.05', 'Mn': '0.85', 'Co': '0.1', 'O': '2'}"
10.1016/j.jpowsour.2023.232930,2023,NaMn0.45Fe0.3Cu0.25O2,NFMCu-0.2,800.0,15.0,Cycling performance,100.0,86.1,,,0.1,2.1,4.3,"{'Na': '1', 'Mn': '0.45', 'Fe': '0.3', 'Cu': '0.25', 'O': '2'}"
10.1016/j.compositesb.2022.109912,2022,Na0.75Mn0.5Fe0.25Cu0.25O2,NFCM-3,850.0,6.0,Rate performance,,100.5,,,0.1,2.5,4.1,"{'Na': '0.75', 'Mn': '0.5', 'Fe': '0.25', 'Cu': '0.25', 'O': '2'}"
10.1016/j.ensm.2020.03.016,2020,Na0.67Mn0.72Cu0.28O2,,850.0,10.0,Cycling performance,50.0,,98.0,,0.1,,,"{'Na': '0.67', 'Mn': '0.72', 'Cu': '0.28', 'O': '2'}"
10.1016/j.compositesb.2022.109912,2022,Na0.75Mn0.5Fe0.3Cu0.2O2,NFCM-2,850.0,6.0,Cycling performance,50.0,95.1,,,0.1,2.5,4.1,"{'Na': '0.75', 'Mn': '0.5', 'Fe': '0.3', 'Cu': '0.2', 'O': '2'}"
10.1016/j.jpowsour.2020.227919,2020,NaMn0.33Fe0.33Ni0.33O2,NFM,,,Rate performance,,130.0,,,0.1,1.5,4.1,"{'Na': '1', 'Mn': '0.33', 'Fe': '0.33', 'Ni': '0.33', 'O': '2'}"
10.1016/j.compositesb.2022.109912,2022,Na0.75Mn0.5Fe0.25Cu0.25O2,NFCM-3,850.0,6.0,Cycling performance,50.0,100.1,,,0.1,2.5,4.1,"{'Na': '0.75', 'Mn': '0.5', 'Fe': '0.25', 'Cu': '0.25', 'O': '2'}"
10.1016/j.jpowsour.2020.227957,2020,Na0.67Ti0.16Mn0.67Ni0.17O2,NNMO,900.0,24.0,Cycling performance,1.0,167.0,,,0.1,1.5,4.3,"{'Na': '0.67', 'Ti': '0.16', 'Mn': '0.67', 'Ni': '0.17', 'O': '2'}"
10.1016/j.electacta.2012.09.058,2013,Na0.74CoO2,,800.0,12.0,Rate performance,,107.0,,,0.1,,,"{'Na': '0.74', 'Co': '1', 'O': '2'}"
10.1016/j.jpowsour.2020.227957,2020,Na0.67Mn0.67Ni0.33O2,,900.0,24.0,Cycling performance,1.0,147.0,,,0.1,1.5,4.3,"{'Na': '0.67', 'Mn': '0.67', 'Ni': '0.33', 'O': '2'}"
10.1016/j.jpowsour.2020.227957,2020,Na0.67Ti0.08Mn0.67Ni0.25O2,,900.0,24.0,Cycling performance,1.0,125.0,,,0.1,1.5,4.3,"{'Na': '0.67', 'Ti': '0.08', 'Mn': '0.67', 'Ni': '0.25', 'O': '2'}"
10.1016/j.jpowsour.2020.227957,2020,Na0.67Ti0.08Mn0.67Ni0.25O2,,900.0,24.0,Cycling performance,50.0,104.4,,,0.1,1.5,4.3,"{'Na': '0.67', 'Ti': '0.08', 'Mn': '0.67', 'Ni': '0.25', 'O': '2'}"
10.1016/j.jpowsour.2020.227957,2020,Na0.67Ti0.08Mn0.67Ni0.25O2,,900.0,24.0,Cycling performance,50.0,,83.5,,0.1,1.5,4.3,"{'Na': '0.67', 'Ti': '0.08', 'Mn': '0.67', 'Ni': '0.25', 'O': '2'}"
10.1016/j.electacta.2016.09.003,2016,K0.01Na0.66Mn0.72Co0.14Ni0.14O2,,800.0,12.0,Rate performance,,190.0,,,0.1,1.5,4.3,"{'K': '0.01', 'Na': '0.66', 'Mn': '0.72', 'Co': '0.14', 'Ni': '0.14', 'O': '2'}"
10.1016/j.compositesb.2022.109912,2022,Na0.75Mn0.5Fe0.2Cu0.3O2,NFCM-4,850.0,6.0,Cycling performance,50.0,80.9,,,0.1,2.5,4.1,"{'Na': '0.75', 'Mn': '0.5', 'Fe': '0.2', 'Cu': '0.3', 'O': '2'}"
10.1016/j.matchar.2021.111078,2021,P2-Na0.66Mn0.56Ni0.33Al0.11O2,,950.0,2.0,Cycling performance,30.0,89.4,,,0.1,1.5,4.8,"{'Na': '0.66', 'Mn': '0.56', 'Ni': '0.33', 'Al': '0.11', 'O': '2'}"
10.1016/j.elecom.2017.12.029,2018,Na1.2Mn0.2Ru0.4Ni0.2O2,,950.0,12.0,Rate performance,,130.0,,,0.1,1.5,3.8,"{'Na': '1.2', 'Mn': '0.2', 'Ru': '0.4', 'Ni': '0.2', 'O': '2'}"
10.1039/d2ta01775j,2022,Na0.67Ni0.67Te0.33O2,NNTO,950.0,72.0,Rate performance,,77.0,,,0.1,3.0,4.45,"{'Na': '0.67', 'Ni': '0.67', 'Te': '0.33', 'O': '2'}"
10.1016/j.matchar.2021.111078,2021,P2-Na0.66Mn0.56Ni0.33Al0.11O2,,950.0,2.0,Cycling performance,1.0,208.0,,,0.1,1.5,4.8,"{'Na': '0.66', 'Mn': '0.56', 'Ni': '0.33', 'Al': '0.11', 'O': '2'}"
10.1016/j.jpowsour.2020.229120,2021,Na0.67Ti0.33Co0.67O2,,,,Rate performance,,113.0,,,0.1,2.0,4.2,"{'Na': '0.67', 'Ti': '0.33', 'Co': '0.67', 'O': '2'}"
10.1016/j.matchar.2021.111078,2021,P2-Na0.66Mn0.67Ni0.33O2,,950.0,2.0,Cycling performance,1.0,184.0,,,0.1,1.5,4.5,"{'Na': '0.66', 'Mn': '0.67', 'Ni': '0.33', 'O': '2'}"
10.1016/j.jpowsour.2020.229120,2021,P2-Na0.66Ti0.1Co0.9O2,,,,Rate performance,,106.0,,,0.1,2.0,4.2,"{'Na': '0.66', 'Ti': '0.1', 'Co': '0.9', 'O': '2'}"
10.1016/j.apsusc.2022.155097,2023,P2-Na0.8Mn0.9Cu0.1O2,NCMO,900.0,12.0,Cycling performance,1.0,159.7,,,0.1,1.5,4.5,"{'Na': '0.8', 'Mn': '0.9', 'Cu': '0.1', 'O': '2'}"
10.1016/j.apsusc.2022.155097,2023,P2-Na0.8Mn0.9Cu0.1O2,NCMO,900.0,12.0,Cycling performance,50.0,114.3,,,0.1,1.5,4.5,"{'Na': '0.8', 'Mn': '0.9', 'Cu': '0.1', 'O': '2'}"
10.1016/j.jtice.2020.11.032,2020,O3-Na0.9Mn0.55Ni0.35Cu0.1O2,,900.0,12.0,Rate performance,,154.0,,,0.1,2.0,4.0,"{'Na': '0.9', 'Mn': '0.55', 'Ni': '0.35', 'Cu': '0.1', 'O': '2'}"
10.1016/j.compositesb.2022.109912,2022,Na0.75Mn0.5Fe0.25Cu0.25O2,NFCM-3,850.0,6.0,Cycling performance,50.0,,91.2,,0.1,2.5,4.1,"{'Na': '0.75', 'Mn': '0.5', 'Fe': '0.25', 'Cu': '0.25', 'O': '2'}"
10.1016/j.jpowsour.2023.232930,2023,NaMn0.45Fe0.3Cu0.25O2,NFMCu-0.2,800.0,15.0,Cycling performance,1.0,103.8,,,0.1,2.1,4.3,"{'Na': '1', 'Mn': '0.45', 'Fe': '0.3', 'Cu': '0.25', 'O': '2'}"
10.1039/c8cc05888a,2018,NaTi0.25Mn0.25Fe0.25Ni0.25O2,NFMNT,,,Cycling performance,1.0,145.0,,,0.1,1.5,4.0,"{'Na': '1', 'Ti': '0.25', 'Mn': '0.25', 'Fe': '0.25', 'Ni': '0.25', 'O': '2'}"
10.1016/j.jiec.2021.07.021,2021,P2-NaTi0.6Co0.1Ni0.3O2,NTNC,900.0,12.0,Cycling performance,50.0,96.0,,,0.1,,,"{'Na': '1', 'Ti': '0.6', 'Co': '0.1', 'Ni': '0.3', 'O': '2'}"
10.1039/d0ta09553b,2020,Na0.8Li0.2Mn0.6Fe0.2O2,,,,Cycling performance,100.0,,34.0,,0.1,2.0,4.6,"{'Na': '0.8', 'Li': '0.2', 'Mn': '0.6', 'Fe': '0.2', 'O': '2'}"
10.1039/d0ta09553b,2020,Na0.8Li0.2Mn0.6Fe0.2O2,,,,Cycling performance,100.0,59.2,,,0.1,2.0,4.6,"{'Na': '0.8', 'Li': '0.2', 'Mn': '0.6', 'Fe': '0.2', 'O': '2'}"
10.1039/d0ta09553b,2020,Na0.8Li0.2Mn0.6Fe0.2O2,,,,Cycling performance,1.0,174.0,,,0.1,2.0,4.6,"{'Na': '0.8', 'Li': '0.2', 'Mn': '0.6', 'Fe': '0.2', 'O': '2'}"
10.1039/d0ta09553b,2020,P2-Na0.67Mn0.67Ni0.23Cu0.1O2,,,,Cycling performance,100.0,,31.0,,0.1,2.0,4.5,"{'Na': '0.67', 'Mn': '0.67', 'Ni': '0.23', 'Cu': '0.1', 'O': '2'}"
10.1039/d0ta09553b,2020,P2-Na0.67Mn0.67Ni0.23Cu0.1O2,,,,Cycling performance,100.0,,55.0,,0.1,2.0,4.5,"{'Na': '0.67', 'Mn': '0.67', 'Ni': '0.23', 'Cu': '0.1', 'O': '2'}"
10.1039/d0ta09553b,2020,P2-Na0.67Mn0.67Ni0.23Cu0.1O2,,,,Cycling performance,100.0,,69.0,,0.1,2.0,4.5,"{'Na': '0.67', 'Mn': '0.67', 'Ni': '0.23', 'Cu': '0.1', 'O': '2'}"
10.1039/d0ta09553b,2020,P2-Na0.67Mn0.67Ni0.23Cu0.1O2,,,,Cycling performance,100.0,,82.0,,0.1,2.0,4.5,"{'Na': '0.67', 'Mn': '0.67', 'Ni': '0.23', 'Cu': '0.1', 'O': '2'}"
10.1016/j.jallcom.2019.152581,2020,O3-NaZr0.05Ti0.2Mn0.3Ni0.45O2,NaNMTZ5,950.0,12.0,Rate performance,,135.1,,,0.1,2.0,4.0,"{'Na': '1', 'Zr': '0.05', 'Ti': '0.2', 'Mn': '0.3', 'Ni': '0.45', 'O': '2'}"
10.1039/d0ta09553b,2020,P2-Na0.67Mn0.67Ni0.23Cu0.1O2,,,,Cycling performance,100.0,,85.0,,0.1,2.0,4.5,"{'Na': '0.67', 'Mn': '0.67', 'Ni': '0.23', 'Cu': '0.1', 'O': '2'}"
10.1016/j.ensm.2022.06.045,2022,P2-Na0.67Mn0.5Fe0.5O2,NFM,900.0,12.0,Cycling performance,1.0,106.6,,,0.1,2.0,4.0,"{'Na': '0.67', 'Mn': '0.5', 'Fe': '0.5', 'O': '2'}"
10.1016/j.ensm.2022.06.045,2022,P2-Na0.67Mn0.5Fe0.5O2,NFM,900.0,12.0,Cycling performance,20.0,79.1,,,0.1,2.0,4.0,"{'Na': '0.67', 'Mn': '0.5', 'Fe': '0.5', 'O': '2'}"
10.1016/j.jallcom.2020.157744,2021,O3-Na0.67Mn0.5Fe0.5O2,NFM-850,850.0,10.0,Cycling performance,15.0,91.6,,,0.1,0.8,1.9,"{'Na': '0.67', 'Mn': '0.5', 'Fe': '0.5', 'O': '2'}"
10.1016/j.jallcom.2020.157768,2021,P2-Na0.67Mn0.67Ni0.33O2,,900.0,12.0,Cycling performance,1.0,87.8,,,0.1,2.3,4.1,"{'Na': '0.67', 'Mn': '0.67', 'Ni': '0.33', 'O': '2'}"
10.1039/d0ta09553b,2020,Na0.8Li0.2Mn0.6Fe0.2O2,,,,Cycling performance,100.0,,60.0,,0.1,2.0,4.6,"{'Na': '0.8', 'Li': '0.2', 'Mn': '0.6', 'Fe': '0.2', 'O': '2'}"
10.1016/j.jallcom.2020.157768,2021,P2-Na0.67Mn0.67Ni0.33O2,,900.0,12.0,Cycling performance,100.0,85.6,,,0.1,2.3,4.1,"{'Na': '0.67', 'Mn': '0.67', 'Ni': '0.33', 'O': '2'}"
10.1016/j.jallcom.2020.157768,2021,Na0.67Mn0.67Ni0.33O2,,900.0,12.0,Cycling performance,1.0,143.4,,,0.1,2.3,4.5,"{'Na': '0.67', 'Mn': '0.67', 'Ni': '0.33', 'O': '2'}"
10.1016/j.jallcom.2020.157768,2021,Na0.67Mn0.67Ni0.33O2,,900.0,12.0,Cycling performance,1.0,85.6,,,0.1,2.3,4.1,"{'Na': '0.67', 'Mn': '0.67', 'Ni': '0.33', 'O': '2'}"
10.1016/j.jallcom.2020.157768,2021,Na0.67Mn0.67Ni0.33O2,,900.0,12.0,Cycling performance,100.0,83.5,,,0.1,2.3,4.1,"{'Na': '0.67', 'Mn': '0.67', 'Ni': '0.33', 'O': '2'}"
10.1016/j.jallcom.2020.157768,2021,Na0.67Mn0.67Ni0.33O2,,900.0,12.0,Cycling performance,100.0,,97.5,,0.1,2.3,4.1,"{'Na': '0.67', 'Mn': '0.67', 'Ni': '0.33', 'O': '2'}"
10.1016/j.electacta.2018.11.137,2019,Na0.83Ti0.17Cr0.33Mn0.17Fe0.33O2,NCFMT,900.0,12.0,Cycling performance,1.0,161.4,,,0.1,,,"{'Na': '0.83', 'Ti': '0.17', 'Cr': '0.33', 'Mn': '0.17', 'Fe': '0.33', 'O': '2'}"
10.1039/c8ee01365a,2018,O3-NaCrO2,,,,Rate performance,,100.0,,10.0,0.1,1.5,3.8,"{'Na': '1', 'Cr': '1', 'O': '2'}"
10.1039/c8ee01006d,2018,P2-Na0.67Mn0.67Ni0.33O2,,,,Rate performance,,173.0,,,0.1,2.3,4.5,"{'Na': '0.67', 'Mn': '0.67', 'Ni': '0.33', 'O': '2'}"
10.1039/c7cc02791e,2017,Na0.84CoO2,,900.0,12.0,Rate performance,,66.0,,,0.1,2.0,4.2,"{'Na': '0.84', 'Co': '1', 'O': '2'}"
10.1039/c6ee01807f,2016,NaTi0.12Mn0.12Fe0.25Co0.25Ni0.25O2,,,,Rate performance,,120.0,,,0.1,0.0,3.0,"{'Na': '1', 'Ti': '0.12', 'Mn': '0.12', 'Fe': '0.25', 'Co': '0.25', 'Ni': '0.25', 'O': '2'}"
10.1039/c5ee01832c,2015,NaO2,,,,Cycling performance,25.0,,97.5,,0.1,0.05,1.6,"{'Na': '1', 'O': '2'}"
10.1016/j.apsusc.2020.147695,2021,NaMn0.35Co0.05Ni0.6O2,NMC,900.0,12.0,Cycling performance,1.0,151.0,,,0.1,1.5,3.6,"{'Na': '1', 'Mn': '0.35', 'Co': '0.05', 'Ni': '0.6', 'O': '2'}"
10.1016/j.jallcom.2022.166444,2022,NaMn0.3Co0.19Ni0.5Al0.01O2,NaNMC-532,900.0,8.0,Cycling performance,1.0,120.0,,,0.1,,,"{'Na': '1', 'Mn': '0.3', 'Co': '0.19', 'Ni': '0.5', 'Al': '0.01', 'O': '2'}"
10.1016/j.jallcom.2022.166444,2022,O3-NaMn0.3Co0.18Ni0.5Al0.02O2,NaNMC,900.0,8.0,Cycling performance,1.0,120.0,,,0.1,2.7,4.0,"{'Na': '1', 'Mn': '0.3', 'Co': '0.18', 'Ni': '0.5', 'Al': '0.02', 'O': '2'}"
10.1016/j.jallcom.2020.157768,2021,P2-Na0.67Mn0.67Ni0.33O2,,900.0,12.0,Cycling performance,100.0,,97.5,,0.1,2.3,4.1,"{'Na': '0.67', 'Mn': '0.67', 'Ni': '0.33', 'O': '2'}"
10.1016/j.jallcom.2022.166444,2022,O3-NaMn0.3Co0.18Ni0.5Al0.02O2,NaNMC,900.0,8.0,Cycling performance,200.0,108.0,,,0.1,2.7,4.0,"{'Na': '1', 'Mn': '0.3', 'Co': '0.18', 'Ni': '0.5', 'Al': '0.02', 'O': '2'}"
10.1016/j.electacta.2019.04.003,2019,Na0.6Mn0.95Ni0.05O1.92F0.08,MNF,850.0,12.0,Rate performance,,78.98,,,0.1,2.5,3.9,"{'Na': '0.6', 'Mn': '0.95', 'Ni': '0.05', 'O': '1.92', 'F': '0.08'}"
10.1016/j.ensm.2022.06.045,2022,P2-Na0.67Mn0.45Fe0.5Al0.05O2,NFMA-2,900.0,12.0,Rate performance,,53.7,,,0.1,2.0,4.0,"{'Na': '0.67', 'Mn': '0.45', 'Fe': '0.5', 'Al': '0.05', 'O': '2'}"
10.1016/j.est.2023.107242,2023,Na0.8Mn0.6Ni0.3Cu0.1O2,NMNC-850,550.0,12.0,Cycling performance,100.0,,85.0,,0.1,1.5,4.2,"{'Na': '0.8', 'Mn': '0.6', 'Ni': '0.3', 'Cu': '0.1', 'O': '2'}"
10.1016/j.est.2023.107242,2023,Na0.8Mn0.6Ni0.3Cu0.1O2,NMNC-850,550.0,12.0,Rate performance,,139.0,,,0.1,1.5,4.2,"{'Na': '0.8', 'Mn': '0.6', 'Ni': '0.3', 'Cu': '0.1', 'O': '2'}"
10.1039/d1nh00585e,2021,Na0.66Mg0.1Mn0.9O2,,,,Cycling performance,100.0,,65.0,,0.1,2.0,4.5,"{'Na': '0.66', 'Mg': '0.1', 'Mn': '0.9', 'O': '2'}"
10.1016/j.ensm.2023.02.001,2023,O3-NaMn0.5Ni0.5O2,NNMO,900.0,15.0,Cycling performance,200.0,,16.9,,0.1,,,"{'Na': '1', 'Mn': '0.5', 'Ni': '0.5', 'O': '2'}"
10.1016/j.ensm.2023.02.001,2023,O3-NaMn0.45Ni0.45Al0.1O2,NNAMO,900.0,15.0,Cycling performance,1.0,74.0,,,0.1,,,"{'Na': '1', 'Mn': '0.45', 'Ni': '0.45', 'Al': '0.1', 'O': '2'}"
10.1016/j.electacta.2020.135978,2020,P2-Na0.67Ti0.1Mn0.9Fe0.1O2,,1000.0,6.0,Cycling performance,20.0,,92.0,,0.1,2.0,4.0,"{'Na': '0.67', 'Ti': '0.1', 'Mn': '0.9', 'Fe': '0.1', 'O': '2'}"
10.1016/j.electacta.2020.135978,2020,P2-Na0.67Ti0.1Mn0.8Fe0.1O2,,1000.0,6.0,Rate performance,,143.0,,,0.1,2.0,4.0,"{'Na': '0.67', 'Ti': '0.1', 'Mn': '0.8', 'Fe': '0.1', 'O': '2'}"
10.1016/j.electacta.2020.135978,2020,P2-Na0.67Ti0.1Mn0.8Fe0.1O2,,1000.0,6.0,Rate performance,,144.0,,,0.1,2.0,4.0,"{'Na': '0.67', 'Ti': '0.1', 'Mn': '0.8', 'Fe': '0.1', 'O': '2'}"
10.1016/j.electacta.2020.135978,2020,P2-Na0.67Ti0.1Mn0.8Fe0.1O2,,1000.0,6.0,Rate performance,,146.0,,,0.1,2.0,4.0,"{'Na': '0.67', 'Ti': '0.1', 'Mn': '0.8', 'Fe': '0.1', 'O': '2'}"
10.1016/j.electacta.2020.135978,2020,P2-Na0.67Ti0.05Mn0.9Fe0.05O2,,1000.0,6.0,Cycling performance,50.0,,20.0,,0.1,2.0,4.0,"{'Na': '0.67', 'Ti': '0.05', 'Mn': '0.9', 'Fe': '0.05', 'O': '2'}"
10.1016/j.jallcom.2017.10.131,2018,Na0.67Mn0.54Fe0.13Ni0.13O2,NMNF-0.67,900.0,15.0,Cycling performance,1.0,119.1,,,0.1,2.0,4.0,"{'Na': '0.67', 'Mn': '0.54', 'Fe': '0.13', 'Ni': '0.13', 'O': '2'}"
10.1016/j.jallcom.2017.10.131,2018,Na0.67Mn0.54Fe0.13Ni0.13O2,NMNF-0.67,900.0,15.0,Rate performance,,93.3,,,0.1,2.0,4.0,"{'Na': '0.67', 'Mn': '0.54', 'Fe': '0.13', 'Ni': '0.13', 'O': '2'}"
10.1016/j.electacta.2020.135978,2020,P2-Na0.67Ti0.05Mn0.9Fe0.05O2,,1000.0,6.0,Rate performance,,144.0,,,0.1,2.0,4.0,"{'Na': '0.67', 'Ti': '0.05', 'Mn': '0.9', 'Fe': '0.05', 'O': '2'}"
10.1016/j.ensm.2022.06.045,2022,P2-Na0.67Mn0.5Fe0.5O2,NFM,900.0,12.0,Cycling performance,20.0,,74.2,,0.1,2.0,4.0,"{'Na': '0.67', 'Mn': '0.5', 'Fe': '0.5', 'O': '2'}"
10.1016/j.electacta.2020.135978,2020,P2-Na0.67Ti0.05Mn0.9Fe0.05O2,,1000.0,6.0,Rate performance,,143.0,,,0.1,2.0,4.0,"{'Na': '0.67', 'Ti': '0.05', 'Mn': '0.9', 'Fe': '0.05', 'O': '2'}"
10.1016/j.electacta.2020.135978,2020,P2-Na0.67Ti0.05Mn0.9Fe0.05O2,,1000.0,6.0,Cycling performance,1.0,218.7,,,0.1,2.0,4.0,"{'Na': '0.67', 'Ti': '0.05', 'Mn': '0.9', 'Fe': '0.05', 'O': '2'}"
10.1016/j.electacta.2020.135978,2020,P2-Na0.67Ti0.05Mn0.9Fe0.05O2,,1000.0,6.0,Cycling performance,50.0,164.0,,,0.1,2.0,4.0,"{'Na': '0.67', 'Ti': '0.05', 'Mn': '0.9', 'Fe': '0.05', 'O': '2'}"
10.1016/j.jallcom.2017.10.131,2018,Na0.67Mn0.54Fe0.13Ni0.13O2,NMNF-0.67,900.0,15.0,Rate performance,,92.4,,,0.1,2.0,4.0,"{'Na': '0.67', 'Mn': '0.54', 'Fe': '0.13', 'Ni': '0.13', 'O': '2'}"
10.1016/j.electacta.2020.135644,2020,NaNi0.67Sb0.33O2,,,,Rate performance,,70.1,,,0.1,,,"{'Na': '1', 'Ni': '0.67', 'Sb': '0.33', 'O': '2'}"
10.1016/j.jallcom.2017.10.131,2018,Na0.67Mn0.54Fe0.13Ni0.13O2,NMNF-0.67,900.0,15.0,Rate performance,,89.2,,,0.1,2.0,4.0,"{'Na': '0.67', 'Mn': '0.54', 'Fe': '0.13', 'Ni': '0.13', 'O': '2'}"
10.1039/d0ta09553b,2020,Na0.8Li0.2Mn0.6Fe0.2O2,,,,Cycling performance,100.0,,82.0,,0.1,2.0,4.6,"{'Na': '0.8', 'Li': '0.2', 'Mn': '0.6', 'Fe': '0.2', 'O': '2'}"
10.1016/j.jallcom.2017.10.131,2018,Na0.67Mn0.54Fe0.13Ni0.13O2,NMNF-0.67,900.0,15.0,Rate performance,,80.9,,,0.1,2.0,4.0,"{'Na': '0.67', 'Mn': '0.54', 'Fe': '0.13', 'Ni': '0.13', 'O': '2'}"
10.1016/j.jallcom.2017.10.131,2018,Na0.67Mn0.54Fe0.13Ni0.13O2,NMNF-0.67,900.0,15.0,Rate performance,,69.4,,,0.1,2.0,4.0,"{'Na': '0.67', 'Mn': '0.54', 'Fe': '0.13', 'Ni': '0.13', 'O': '2'}"
10.1016/j.ensm.2023.02.001,2023,O3-NaMn0.45Ni0.45Al0.1O2,NNAMO,900.0,15.0,Cycling performance,100.0,,82.6,,0.1,,,"{'Na': '1', 'Mn': '0.45', 'Ni': '0.45', 'Al': '0.1', 'O': '2'}"
10.1016/j.jallcom.2017.10.131,2018,Na0.67Mn0.54Fe0.13Ni0.13O2,NMNF-0.67,900.0,15.0,Rate performance,,86.3,,,0.1,2.0,4.0,"{'Na': '0.67', 'Mn': '0.54', 'Fe': '0.13', 'Ni': '0.13', 'O': '2'}"
10.1016/j.jallcom.2018.11.257,2019,Na0.95Ti0.05Cr0.95O2,,900.0,5.0,Cycling performance,1.0,96.7,,100.0,0.1,2.3,3.6,"{'Na': '0.95', 'Ti': '0.05', 'Cr': '0.95', 'O': '2'}"
10.1016/j.jallcom.2018.11.257,2019,Na0.95Ti0.05Cr0.95O2,,900.0,5.0,Cycling performance,800.0,77.5,,100.0,0.1,2.3,3.6,"{'Na': '0.95', 'Ti': '0.05', 'Cr': '0.95', 'O': '2'}"
10.1016/j.jallcom.2018.11.257,2019,Na0.95Ti0.05Cr0.95O2,,900.0,5.0,Cycling performance,800.0,,80.1,100.0,0.1,2.3,3.6,"{'Na': '0.95', 'Ti': '0.05', 'Cr': '0.95', 'O': '2'}"
10.1016/j.electacta.2020.135978,2020,P2-Na0.67Ti0.05Mn0.9Fe0.05O2,,1000.0,6.0,Cycling performance,50.0,,75.0,,0.1,2.0,4.0,"{'Na': '0.67', 'Ti': '0.05', 'Mn': '0.9', 'Fe': '0.05', 'O': '2'}"
10.1016/j.jallcom.2022.166444,2022,O3-NaMn0.3Co0.18Ni0.5Al0.02O2,NaNMC,900.0,8.0,Cycling performance,200.0,,90.0,,0.1,2.7,4.0,"{'Na': '1', 'Mn': '0.3', 'Co': '0.18', 'Ni': '0.5', 'Al': '0.02', 'O': '2'}"
10.1016/j.apsusc.2020.147695,2021,NaMn0.35Co0.05Ni0.6O2,NMC,900.0,12.0,Cycling performance,120.0,83.0,,,0.1,1.5,3.6,"{'Na': '1', 'Mn': '0.35', 'Co': '0.05', 'Ni': '0.6', 'O': '2'}"
10.1016/j.jallcom.2022.166444,2022,O3-NaMn0.3Co0.18Ni0.5Al0.02O2,NaNMC,900.0,8.0,Rate performance,,120.0,,,0.1,2.7,4.0,"{'Na': '1', 'Mn': '0.3', 'Co': '0.18', 'Ni': '0.5', 'Al': '0.02', 'O': '2'}"
10.1016/j.jechem.2022.11.031,2023,O3-NaMn0.5Fe0.5O2,,900.0,15.0,Rate performance,,145.9,,,0.1,1.5,4.5,"{'Na': '1', 'Mn': '0.5', 'Fe': '0.5', 'O': '2'}"
10.1016/j.jechem.2023.02.016,2023,Na0.7Mn0.65Fe0.1Ni0.05Cu0.2O2,NFCNM-0.05,,,Rate performance,,149.7,,,0.1,2.0,4.2,"{'Na': '0.7', 'Mn': '0.65', 'Fe': '0.1', 'Ni': '0.05', 'Cu': '0.2', 'O': '2'}"
10.1016/j.jechem.2023.02.016,2023,Na0.7Mn0.65Fe0.1Ni0.05Cu0.2O2,NFCNM-0.05,,,Rate performance,,142.5,,,0.1,2.0,4.2,"{'Na': '0.7', 'Mn': '0.65', 'Fe': '0.1', 'Ni': '0.05', 'Cu': '0.2', 'O': '2'}"
10.1016/j.jechem.2023.03.001,2023,P2-Na0.67Mn0.67Ni0.33O2,NaNM,900.0,15.0,Cycling performance,1.0,120.0,,,0.1,2.0,4.5,"{'Na': '0.67', 'Mn': '0.67', 'Ni': '0.33', 'O': '2'}"
10.1016/j.jechem.2023.03.001,2023,P2-Na0.67Mn0.67Ni0.33O2,NaNM,900.0,15.0,Cycling performance,50.0,,55.4,,0.1,2.0,4.5,"{'Na': '0.67', 'Mn': '0.67', 'Ni': '0.33', 'O': '2'}"
10.1039/d2ta09277h,2022,P3-Na0.67Li0.11Ti0.17Mn0.5Ni0.28O2,NaLNMT,,,Rate performance,,84.8,,,0.1,2.5,4.15,"{'Na': '0.67', 'Li': '0.11', 'Ti': '0.17', 'Mn': '0.5', 'Ni': '0.28', 'O': '2'}"
10.1016/j.jelechem.2020.114834,2021,NaLi0.2Ti0.1Mn0.7O2,,730.0,20.0,Rate performance,,163.0,,,0.1,1.5,4.0,"{'Na': '1', 'Li': '0.2', 'Ti': '0.1', 'Mn': '0.7', 'O': '2'}"
10.1016/j.jelechem.2020.114834,2021,NaLi0.2Ti0.1Mn0.7O2,,730.0,20.0,Rate performance,,161.0,,,0.1,1.5,4.0,"{'Na': '1', 'Li': '0.2', 'Ti': '0.1', 'Mn': '0.7', 'O': '2'}"
10.1016/j.jelechem.2020.114834,2021,NaLi0.2Ti0.1Mn0.7O2,,730.0,20.0,Cycling performance,1.0,155.0,,,0.1,1.5,4.0,"{'Na': '1', 'Li': '0.2', 'Ti': '0.1', 'Mn': '0.7', 'O': '2'}"
10.1016/j.jelechem.2020.114834,2021,NaLi0.2Ti0.1Mn0.7O2,,730.0,20.0,Rate performance,,101.0,,,0.1,1.5,4.0,"{'Na': '1', 'Li': '0.2', 'Ti': '0.1', 'Mn': '0.7', 'O': '2'}"
10.1016/j.jelechem.2020.114834,2021,P2-Na0.7MnO2,,730.0,20.0,Rate performance,,115.0,,,0.1,1.5,4.0,"{'Na': '0.7', 'Mn': '1', 'O': '2'}"
10.1016/j.jelechem.2020.114834,2021,P2-Na0.8Li0.12Mn0.66Ni0.22O2,,730.0,20.0,Rate performance,,110.0,,,0.1,1.5,4.0,"{'Na': '0.8', 'Li': '0.12', 'Mn': '0.66', 'Ni': '0.22', 'O': '2'}"
10.1016/j.jelechem.2022.116378,2022,Na0.8Li0.2Mn0.67Ni0.33O2,,900.0,10.0,Rate performance,,132.5,,,0.1,,,"{'Na': '0.8', 'Li': '0.2', 'Mn': '0.67', 'Ni': '0.33', 'O': '2'}"
10.1016/j.jechem.2022.11.031,2023,O3-NaMn0.5Fe0.5O2,,900.0,15.0,Rate performance,,148.3,,,0.1,1.5,4.5,"{'Na': '1', 'Mn': '0.5', 'Fe': '0.5', 'O': '2'}"
10.1016/j.jelechem.2022.116378,2022,Na0.8Li0.2Mn0.67Ni0.33O2,,900.0,10.0,Cycling performance,1.0,124.6,,,0.1,2.0,4.3,"{'Na': '0.8', 'Li': '0.2', 'Mn': '0.67', 'Ni': '0.33', 'O': '2'}"
10.1016/j.electacta.2016.11.141,2017,P2-Na0.67Mn0.67Ni0.33O2,,1000.0,12.0,Cycling performance,200.0,76.0,,,0.1,2.0,4.0,"{'Na': '0.67', 'Mn': '0.67', 'Ni': '0.33', 'O': '2'}"
10.1016/j.electacta.2016.11.141,2017,P2-Na0.67Mn0.67Ni0.33O2,,1000.0,12.0,Cycling performance,200.0,68.0,,,0.1,2.0,4.0,"{'Na': '0.67', 'Mn': '0.67', 'Ni': '0.33', 'O': '2'}"
10.1016/j.electacta.2016.11.141,2017,P2-Na0.67Mn0.67Ni0.33O2,,1000.0,12.0,Cycling performance,200.0,80.0,,,0.1,2.0,4.0,"{'Na': '0.67', 'Mn': '0.67', 'Ni': '0.33', 'O': '2'}"
10.1016/j.colsurfa.2021.127929,2022,O3-Na0.9Cr0.5Fe0.5O2,NCF,900.0,12.0,Cycling performance,1.0,129.0,,,0.1,2.0,4.0,"{'Na': '0.9', 'Cr': '0.5', 'Fe': '0.5', 'O': '2'}"
10.1016/j.electacta.2016.11.141,2017,P2-Na0.67Mn0.67Ni0.33O2,,1000.0,12.0,Cycling performance,200.0,69.0,,,0.1,2.0,4.0,"{'Na': '0.67', 'Mn': '0.67', 'Ni': '0.33', 'O': '2'}"
10.1016/j.jelechem.2022.116378,2022,Na0.8Li0.2Mn0.67Ni0.33O2,,900.0,10.0,Cycling performance,70.0,,94.0,,0.1,2.0,4.3,"{'Na': '0.8', 'Li': '0.2', 'Mn': '0.67', 'Ni': '0.33', 'O': '2'}"
10.1016/j.jelechem.2022.116378,2022,Na0.67Mn0.67Ni0.33O2,,900.0,10.0,Cycling performance,200.0,,25.2,,0.1,2.0,4.3,"{'Na': '0.67', 'Mn': '0.67', 'Ni': '0.33', 'O': '2'}"
10.1016/j.jelechem.2022.116378,2022,Na0.8Li0.2Mn0.67Ni0.33O2,,900.0,10.0,Cycling performance,200.0,,61.5,,0.1,2.0,4.3,"{'Na': '0.8', 'Li': '0.2', 'Mn': '0.67', 'Ni': '0.33', 'O': '2'}"
10.1016/j.jelechem.2022.116378,2022,Na0.8Li0.2Mn0.67Ni0.33O2,,900.0,10.0,Rate performance,,132.5,,,0.1,2.0,4.3,"{'Na': '0.8', 'Li': '0.2', 'Mn': '0.67', 'Ni': '0.33', 'O': '2'}"
10.1016/j.jelechem.2023.117222,2023,Na0.9Mn0.5Fe0.5O2,NFM,,,Cycling performance,1.0,120.0,,,0.1,1.9,4.2,"{'Na': '0.9', 'Mn': '0.5', 'Fe': '0.5', 'O': '2'}"
10.1016/j.jelechem.2023.117222,2023,Na0.9Mn0.5Fe0.5O2,NFM,,,Cycling performance,10.0,80.4,,,0.1,1.9,4.2,"{'Na': '0.9', 'Mn': '0.5', 'Fe': '0.5', 'O': '2'}"
10.1016/j.jelechem.2023.117222,2023,Na0.9Mn0.5Fe0.5O2,NFM,,,Cycling performance,10.0,,67.0,,0.1,1.9,4.2,"{'Na': '0.9', 'Mn': '0.5', 'Fe': '0.5', 'O': '2'}"
10.1016/j.jiec.2021.07.021,2021,O3-NaTi0.6Co0.1Ni0.3O2,NTNC,900.0,12.0,Cycling performance,50.0,108.0,,,0.1,,,"{'Na': '1', 'Ti': '0.6', 'Co': '0.1', 'Ni': '0.3', 'O': '2'}"
10.1016/j.jelechem.2022.116378,2022,Na0.8Li0.2Mn0.67Ni0.33O2,,900.0,10.0,Cycling performance,70.0,117.1,,,0.1,2.0,4.3,"{'Na': '0.8', 'Li': '0.2', 'Mn': '0.67', 'Ni': '0.33', 'O': '2'}"
10.1039/d2ta09277h,2022,P3-Na0.67Li0.11Ti0.17Mn0.5Ni0.28O2,NaLNMT,,,Rate performance,,86.8,,,0.1,2.5,4.15,"{'Na': '0.67', 'Li': '0.11', 'Ti': '0.17', 'Mn': '0.5', 'Ni': '0.28', 'O': '2'}"
10.1016/j.electacta.2017.12.092,2018,Na0.7Mn0.64Co0.18Ni0.18O2,NNMC-HS,750.0,6.0,Rate performance,,202.0,,,0.1,1.2,4.3,"{'Na': '0.7', 'Mn': '0.64', 'Co': '0.18', 'Ni': '0.18', 'O': '2'}"
10.1016/j.jechem.2022.11.031,2023,O3-NaMn0.5Fe0.5O2,,900.0,15.0,Rate performance,,160.4,,,0.1,1.5,4.5,"{'Na': '1', 'Mn': '0.5', 'Fe': '0.5', 'O': '2'}"
10.1016/j.apsusc.2020.147695,2021,NaMn0.35Co0.05Ni0.6O2,NMC,900.0,12.0,Cycling performance,120.0,,55.0,,0.1,1.5,3.6,"{'Na': '1', 'Mn': '0.35', 'Co': '0.05', 'Ni': '0.6', 'O': '2'}"
10.1016/j.jechem.2018.05.019,2019,O3-Na0.9Mn0.1Ni0.4Sn0.5O2,,1000.0,36.0,Rate performance,,65.0,,,0.1,,,"{'Na': '0.9', 'Mn': '0.1', 'Ni': '0.4', 'Sn': '0.5', 'O': '2'}"
10.1016/j.apsusc.2020.147695,2021,NaMn0.35Co0.05Ni0.6O2,NMC,900.0,12.0,Rate performance,,151.0,,,0.1,1.5,3.6,"{'Na': '1', 'Mn': '0.35', 'Co': '0.05', 'Ni': '0.6', 'O': '2'}"
10.1016/j.jechem.2018.05.019,2019,O3-Na0.9Ni0.45Sn0.55O2,,1000.0,36.0,Rate performance,,50.0,,,0.1,,,"{'Na': '0.9', 'Ni': '0.45', 'Sn': '0.55', 'O': '2'}"
10.1016/j.jechem.2019.08.016,2020,P2-Na0.67Mn0.6Co0.1Ni0.2Cu0.1O2,NMNCC,900.0,10.0,Rate performance,,131.4,,,0.1,1.9,4.0,"{'Na': '0.67', 'Mn': '0.6', 'Co': '0.1', 'Ni': '0.2', 'Cu': '0.1', 'O': '2'}"
10.1016/j.jechem.2019.08.016,2020,P2-Na0.67Mn0.6Co0.1Ni0.2Cu0.1O2,NMNCC,900.0,10.0,Rate performance,,129.9,,,0.1,1.9,4.0,"{'Na': '0.67', 'Mn': '0.6', 'Co': '0.1', 'Ni': '0.2', 'Cu': '0.1', 'O': '2'}"
10.1016/j.jechem.2019.08.016,2020,P2-Na0.67Mn0.6Co0.1Ni0.2Cu0.1O2,NMNCC,900.0,10.0,Cycling performance,1.0,131.3,,,0.1,1.9,4.0,"{'Na': '0.67', 'Mn': '0.6', 'Co': '0.1', 'Ni': '0.2', 'Cu': '0.1', 'O': '2'}"
10.1016/j.jechem.2019.08.016,2020,P2-Na0.67Mn0.6Co0.1Ni0.2Cu0.1O2,NMNCC,900.0,10.0,Cycling performance,200.0,94.4,,,0.1,1.9,4.0,"{'Na': '0.67', 'Mn': '0.6', 'Co': '0.1', 'Ni': '0.2', 'Cu': '0.1', 'O': '2'}"
10.1016/j.jechem.2019.08.016,2020,P2-Na0.67Mn0.6Co0.1Ni0.2Cu0.1O2,NMNCC,900.0,10.0,Cycling performance,200.0,,71.9,,0.1,1.9,4.0,"{'Na': '0.67', 'Mn': '0.6', 'Co': '0.1', 'Ni': '0.2', 'Cu': '0.1', 'O': '2'}"
10.1016/j.apsusc.2020.147695,2021,NaMn0.35Co0.05Ni0.6O2,NMC,900.0,12.0,Rate performance,,132.0,,,0.1,1.5,3.6,"{'Na': '1', 'Mn': '0.35', 'Co': '0.05', 'Ni': '0.6', 'O': '2'}"
10.1016/j.electacta.2018.04.006,2018,Na0.6Mn0.95Ni0.05O2,NMN5,850.0,12.0,Rate performance,,171.33,,,0.1,2.0,4.1,"{'Na': '0.6', 'Mn': '0.95', 'Ni': '0.05', 'O': '2'}"
10.1016/j.electacta.2018.04.006,2018,Na0.6MnO2,NMN0,850.0,12.0,Rate performance,,114.0,,,0.1,2.0,4.1,"{'Na': '0.6', 'Mn': '1', 'O': '2'}"
10.1016/j.electacta.2018.04.006,2018,Na0.6MnO2,NMN0,850.0,12.0,Rate performance,,164.0,,,0.1,2.0,4.1,"{'Na': '0.6', 'Mn': '1', 'O': '2'}"
10.1016/j.electacta.2018.04.006,2018,Na0.6MnO2,NMN0,850.0,12.0,Rate performance,,137.0,,,0.1,2.0,4.1,"{'Na': '0.6', 'Mn': '1', 'O': '2'}"
10.1016/j.electacta.2018.04.006,2018,Na0.6MnO2,NMN0,850.0,12.0,Rate performance,,126.0,,,0.1,2.0,4.1,"{'Na': '0.6', 'Mn': '1', 'O': '2'}"
10.1016/j.electacta.2018.03.058,2018,P2-Na0.7Mn0.59Co0.1Ni0.3Cu0.01O2,NMCU,850.0,16.0,Rate performance,,150.0,,,0.1,1.5,4.0,"{'Na': '0.7', 'Mn': '0.59', 'Co': '0.1', 'Ni': '0.3', 'Cu': '0.01', 'O': '2'}"
10.1039/d3cc00079f,2023,NaLi0.05Mg0.05Ti0.45Ni0.3Cu0.1Si0.05O2,NaTMO2',,,Rate performance,,71.0,,,0.1,2.0,4.0,"{'Na': '1', 'Li': '0.05', 'Mg': '0.05', 'Ti': '0.45', 'Ni': '0.3', 'Cu': '0.1', 'Si': '0.05', 'O': '2'}"
10.1039/d3cc00079f,2023,NaLi0.05Mg0.05Ti0.45Ni0.3Cu0.1Si0.05O2,NaTMO2,,,Rate performance,,138.0,,,0.1,2.0,4.0,"{'Na': '1', 'Li': '0.05', 'Mg': '0.05', 'Ti': '0.45', 'Ni': '0.3', 'Cu': '0.1', 'Si': '0.05', 'O': '2'}"
10.1039/d3cc00079f,2023,NaLi0.05Mg0.05Ti0.45Ni0.3Cu0.1Si0.05O2,NaTMO2,,,Cycling performance,100.0,,80.0,,0.1,2.0,4.0,"{'Na': '1', 'Li': '0.05', 'Mg': '0.05', 'Ti': '0.45', 'Ni': '0.3', 'Cu': '0.1', 'Si': '0.05', 'O': '2'}"
10.1039/d3cc00079f,2023,NaLi0.05Mg0.05Ti0.45Ni0.3Cu0.1Si0.05O2,NaTMO2,,,Cycling performance,100.0,110.4,,,0.1,2.0,4.0,"{'Na': '1', 'Li': '0.05', 'Mg': '0.05', 'Ti': '0.45', 'Ni': '0.3', 'Cu': '0.1', 'Si': '0.05', 'O': '2'}"
10.1039/d3cc00079f,2023,NaLi0.05Mg0.05Ti0.45Ni0.3Cu0.1Si0.05O2,NaTMO2,,,Cycling performance,1.0,138.0,,,0.1,2.0,4.0,"{'Na': '1', 'Li': '0.05', 'Mg': '0.05', 'Ti': '0.45', 'Ni': '0.3', 'Cu': '0.1', 'Si': '0.05', 'O': '2'}"
10.1016/j.jechem.2022.04.042,2022,P2-Na0.67Mn0.5Fe0.5O2,NFMO,900.0,12.0,Cycling performance,50.0,,15.0,,0.1,1.5,4.2,"{'Na': '0.67', 'Mn': '0.5', 'Fe': '0.5', 'O': '2'}"
10.1039/d2ta09277h,2022,P3-Na0.67Li0.11Ti0.17Mn0.5Ni0.28O2,NaLNMT,,,Rate performance,,74.5,,,0.1,2.5,4.15,"{'Na': '0.67', 'Li': '0.11', 'Ti': '0.17', 'Mn': '0.5', 'Ni': '0.28', 'O': '2'}"
10.1016/j.jechem.2022.04.042,2022,m-Na0.67Mn0.5Fe0.5O2,NFMO,900.0,12.0,Cycling performance,50.0,,73.0,,0.1,1.5,4.2,"{'Na': '0.67', 'Mn': '0.5', 'Fe': '0.5', 'O': '2'}"
10.1016/j.ensm.2022.06.045,2022,P2-Na0.67Mn0.45Fe0.5Al0.05O2,NFMA-2,900.0,12.0,Cycling performance,20.0,,99.3,,0.1,2.0,4.0,"{'Na': '0.67', 'Mn': '0.45', 'Fe': '0.5', 'Al': '0.05', 'O': '2'}"
10.1016/j.ensm.2022.06.045,2022,P2-Na0.67Mn0.45Fe0.5Al0.05O2,NFMA-2,900.0,12.0,Cycling performance,1.0,121.8,,,0.1,2.0,4.0,"{'Na': '0.67', 'Mn': '0.45', 'Fe': '0.5', 'Al': '0.05', 'O': '2'}"
10.1016/j.ensm.2022.06.045,2022,P2-Na0.67Mn0.45Fe0.5Al0.05O2,NFMA-2,900.0,12.0,Cycling performance,20.0,120.9,,,0.1,2.0,4.0,"{'Na': '0.67', 'Mn': '0.45', 'Fe': '0.5', 'Al': '0.05', 'O': '2'}"
10.1039/d2ta09277h,2022,P3-Na0.67Li0.11Ti0.17Mn0.5Ni0.28O2,NaLNMT,,,Rate performance,,73.0,,,0.1,2.5,4.15,"{'Na': '0.67', 'Li': '0.11', 'Ti': '0.17', 'Mn': '0.5', 'Ni': '0.28', 'O': '2'}"
10.1016/j.ensm.2022.06.035,2022,NaTi0.2Mn0.2Fe0.2Ni0.3Cu0.1O2,NCNFMT,1250.0,5.0,Rate performance,,130.0,,13.0,0.1,2.0,3.9,"{'Na': '1', 'Ti': '0.2', 'Mn': '0.2', 'Fe': '0.2', 'Ni': '0.3', 'Cu': '0.1', 'O': '2'}"
10.1016/j.jiec.2021.07.021,2021,O3-NaTi0.6Co0.1Ni0.3O2,NTNC,900.0,12.0,Rate performance,,108.0,,,0.1,2.0,4.0,"{'Na': '1', 'Ti': '0.6', 'Co': '0.1', 'Ni': '0.3', 'O': '2'}"
10.1016/j.electacta.2016.11.141,2017,P2-Na0.67Mn0.67Ni0.33O2,,1000.0,12.0,Cycling performance,200.0,86.0,,,0.1,2.0,4.0,"{'Na': '0.67', 'Mn': '0.67', 'Ni': '0.33', 'O': '2'}"
10.1016/j.compositesb.2022.109912,2022,Na0.75Mn0.5Fe0.35Cu0.15O2,NFCM-1,850.0,6.0,Cycling performance,50.0,70.7,,,0.1,2.5,4.1,"{'Na': '0.75', 'Mn': '0.5', 'Fe': '0.35', 'Cu': '0.15', 'O': '2'}"
10.1016/j.est.2023.107242,2023,Na0.8Mn0.6Ni0.3Cu0.1O2,NMNC-850,550.0,12.0,Cycling performance,1.0,139.0,,,0.1,1.5,4.2,"{'Na': '0.8', 'Mn': '0.6', 'Ni': '0.3', 'Cu': '0.1', 'O': '2'}"
10.1016/j.ensm.2021.11.016,2022,Na0.67Mn0.65Fe0.2Ni0.15O1.95F0.05,NFMF-005,,,Cycling performance,1.0,166.0,,,0.1,1.5,4.3,"{'Na': '0.67', 'Mn': '0.65', 'Fe': '0.2', 'Ni': '0.15', 'O': '1.95', 'F': '0.05'}"
10.1016/j.ceramint.2015.04.126,2015,NaLi0.2Mn0.6Ni0.2O2,,730.0,20.0,Cycling performance,1.0,119.0,,,0.1,2.0,4.5,"{'Na': '1', 'Li': '0.2', 'Mn': '0.6', 'Ni': '0.2', 'O': '2'}"
10.1016/j.jtice.2022.104565,2022,O3-Na0.9Ti0.05Mn0.6Ni0.3Cu0.05O2,MNCT,900.0,12.0,Cycling performance,100.0,169.44,,,0.1,2.0,4.0,"{'Na': '0.9', 'Ti': '0.05', 'Mn': '0.6', 'Ni': '0.3', 'Cu': '0.05', 'O': '2'}"
10.1016/j.jtice.2022.104565,2022,O3-Na0.9Mg0.05Ti0.05Mn0.6Ni0.3O2,MNTM,900.0,12.0,Cycling performance,100.0,161.15,,,0.1,2.0,4.0,"{'Na': '0.9', 'Mg': '0.05', 'Ti': '0.05', 'Mn': '0.6', 'Ni': '0.3', 'O': '2'}"
10.1016/j.jtice.2022.104565,2022,O3-Na0.9Mg0.05Mn0.6Ni0.3Cu0.05O2,MNMC,900.0,12.0,Cycling performance,100.0,156.23,,,0.1,2.0,4.0,"{'Na': '0.9', 'Mg': '0.05', 'Mn': '0.6', 'Ni': '0.3', 'Cu': '0.05', 'O': '2'}"
10.1016/j.ceramint.2015.04.126,2015,NaLi0.2Mn0.6Ni0.2O2,,730.0,20.0,Rate performance,,112.0,,,0.1,2.0,4.5,"{'Na': '1', 'Li': '0.2', 'Mn': '0.6', 'Ni': '0.2', 'O': '2'}"
10.1016/j.ceramint.2015.04.126,2015,NaLi0.2Mn0.6Ni0.2O2,,730.0,20.0,Cycling performance,70.0,,88.0,,0.1,1.5,4.2,"{'Na': '1', 'Li': '0.2', 'Mn': '0.6', 'Ni': '0.2', 'O': '2'}"
10.1016/j.ceramint.2015.04.126,2015,NaLi0.2Mn0.6Ni0.2O2,,730.0,20.0,Cycling performance,1.0,113.6,,,0.1,1.5,4.2,"{'Na': '1', 'Li': '0.2', 'Mn': '0.6', 'Ni': '0.2', 'O': '2'}"
10.1016/j.ceramint.2015.04.126,2015,NaLi0.2Mn0.6Ni0.2O2,,730.0,20.0,Cycling performance,70.0,100.0,,,0.1,1.5,4.2,"{'Na': '1', 'Li': '0.2', 'Mn': '0.6', 'Ni': '0.2', 'O': '2'}"
10.1016/j.jtice.2022.104565,2022,O3-Na0.9Mn0.6Ni0.4O2,MN,900.0,12.0,Cycling performance,100.0,129.28,,,0.1,2.0,4.0,"{'Na': '0.9', 'Mn': '0.6', 'Ni': '0.4', 'O': '2'}"
10.1016/j.ceramint.2015.04.126,2015,NaLi0.2Mn0.6Ni0.2O2,,730.0,20.0,Rate performance,,117.0,,,0.1,,,"{'Na': '1', 'Li': '0.2', 'Mn': '0.6', 'Ni': '0.2', 'O': '2'}"
10.1039/c5ta06361b,2015,Na0.67Mg0.1Mn0.65Ni0.25O2,,,,Rate performance,,100.0,,,0.1,2.0,4.2,"{'Na': '0.67', 'Mg': '0.1', 'Mn': '0.65', 'Ni': '0.25', 'O': '2'}"
10.1016/j.ceramint.2014.04.126,2014,Na0.74CoO2,,900.0,8.0,Cycling performance,1.0,107.0,,,0.1,,,"{'Na': '0.74', 'Co': '1', 'O': '2'}"
10.1016/j.cej.2021.133454,2022,NaMg0.05Ti0.05Mn0.45Ni0.45O2,MNMT,850.0,15.0,Cycling performance,1.0,177.7,,,0.1,2.0,4.2,"{'Na': '1', 'Mg': '0.05', 'Ti': '0.05', 'Mn': '0.45', 'Ni': '0.45', 'O': '2'}"
10.1016/j.cej.2021.133454,2022,NaMn0.5Ni0.5O2,MN,850.0,15.0,Cycling performance,1.0,186.1,,,0.1,2.0,4.2,"{'Na': '1', 'Mn': '0.5', 'Ni': '0.5', 'O': '2'}"
10.1039/c5ta06361b,2015,P2-Na0.67MnO2,,,,Cycling performance,100.0,,87.0,,0.1,2.0,4.2,"{'Na': '0.67', 'Mn': '1', 'O': '2'}"
10.1039/c5ta06361b,2015,P2-Na0.67MnO2,,,,Cycling performance,1.0,114.9,,,0.1,2.0,4.2,"{'Na': '0.67', 'Mn': '1', 'O': '2'}"
10.1016/j.ensm.2021.11.016,2022,Na0.67Mn0.65Fe0.2Ni0.15O1.95F0.05,NFMF-005,,,Cycling performance,1.0,240.0,,,0.1,1.5,4.3,"{'Na': '0.67', 'Mn': '0.65', 'Fe': '0.2', 'Ni': '0.15', 'O': '1.95', 'F': '0.05'}"
10.1016/j.cej.2018.11.214,2019,Na0.65Mn0.75Ni0.25O2,,700.0,10.0,Cycling performance,1.0,156.3,,,0.1,1.5,3.75,"{'Na': '0.65', 'Mn': '0.75', 'Ni': '0.25', 'O': '2'}"
10.1016/j.ensm.2021.11.016,2022,Na0.67Mn0.65Fe0.2Ni0.15O1.95F0.05,NFMF-005,,,Rate performance,,166.0,,,0.1,1.5,4.3,"{'Na': '0.67', 'Mn': '0.65', 'Fe': '0.2', 'Ni': '0.15', 'O': '1.95', 'F': '0.05'}"
10.1016/j.cej.2018.11.214,2019,Na0.65Mn0.75Ni0.25O1.9F0.1,,700.0,10.0,Rate performance,,163.7,,,0.1,,,"{'Na': '0.65', 'Mn': '0.75', 'Ni': '0.25', 'O': '1.9', 'F': '0.1'}"
10.1039/c6ra06785a,2016,O3-NaMn0.4Co0.2Ni0.4O2,,800.0,8.0,Cycling performance,1.0,173.0,,,0.1,1.6,4.5,"{'Na': '1', 'Mn': '0.4', 'Co': '0.2', 'Ni': '0.4', 'O': '2'}"
10.1039/d0cc02168g,2020,NaMn0.5Ni0.5O2,NaNMO,,,Cycling performance,100.0,,50.7,,0.1,2.0,4.2,"{'Na': '1', 'Mn': '0.5', 'Ni': '0.5', 'O': '2'}"
10.1016/j.ensm.2022.02.038,2022,NaTi0.2Mn0.2Fe0.2Co0.2Ni0.2O2,,950.0,12.0,Rate performance,,95.0,,,0.1,1.5,4.5,"{'Na': '1', 'Ti': '0.2', 'Mn': '0.2', 'Fe': '0.2', 'Co': '0.2', 'Ni': '0.2', 'O': '2'}"
10.1016/j.electacta.2020.137471,2021,NaFeO2,,900.0,10.0,Cycling performance,1.0,234.0,,,0.1,2.0,4.8,"{'Na': '1', 'Fe': '1', 'O': '2'}"
10.1016/j.ceramint.2017.02.036,2017,Na0.6MnO2,,850.0,12.0,Rate performance,,200.0,,,0.1,1.5,4.3,"{'Na': '0.6', 'Mn': '1', 'O': '2'}"
10.1039/d0cc03701j,2020,P3-Na0.6Mn0.5Co0.25Ni0.25O2,,,,Rate performance,,130.0,,,0.1,,,"{'Na': '0.6', 'Mn': '0.5', 'Co': '0.25', 'Ni': '0.25', 'O': '2'}"
10.1016/j.ensm.2019.07.022,2020,NaTi0.25Cr0.25Fe0.25Ni0.25O2,NCFNT,900.0,12.0,Rate performance,,129.2,,,0.1,1.5,3.4,"{'Na': '1', 'Ti': '0.25', 'Cr': '0.25', 'Fe': '0.25', 'Ni': '0.25', 'O': '2'}"
10.1016/j.jallcom.2012.11.090,2013,-NaFeO2,,500.0,4.0,Cycling performance,1.0,162.0,,,0.1,2.5,4.3,"{'Na': '1', 'Fe': '1', 'O': '2'}"
10.1039/c5ta06361b,2015,P2-Na0.67MnO2,,,,Cycling performance,100.0,100.0,,,0.1,2.0,4.2,"{'Na': '0.67', 'Mn': '1', 'O': '2'}"
10.1016/j.jallcom.2012.11.090,2013,-NaFeO2,,500.0,4.0,Cycling performance,1.0,170.0,,,0.1,2.5,4.3,"{'Na': '1', 'Fe': '1', 'O': '2'}"
10.1016/j.jelechem.2022.117129,2023,Na0.67Li0.33Mn0.95Co0.05O2,NLMC,850.0,20.0,Cycling performance,100.0,109.5,,,0.1,1.5,4.1,"{'Na': '0.67', 'Li': '0.33', 'Mn': '0.95', 'Co': '0.05', 'O': '2'}"
10.1016/j.ceramint.2017.02.036,2017,Na0.6MnO2,,850.0,12.0,Rate performance,,180.0,,,0.1,,,"{'Na': '0.6', 'Mn': '1', 'O': '2'}"
10.1016/j.jelechem.2022.117129,2023,Na0.67Li0.33Mn0.95Co0.05O2,NLMC,850.0,20.0,Cycling performance,1.0,112.1,,,0.1,1.5,4.1,"{'Na': '0.67', 'Li': '0.33', 'Mn': '0.95', 'Co': '0.05', 'O': '2'}"
10.1016/j.jelechem.2022.117129,2023,Na0.67Li0.33Mn0.95Co0.05O2,NLMC,850.0,20.0,Cycling performance,100.0,,97.7,,0.1,1.5,4.1,"{'Na': '0.67', 'Li': '0.33', 'Mn': '0.95', 'Co': '0.05', 'O': '2'}"
10.1016/j.jelechem.2022.117129,2023,Na0.67Li0.33Mn0.95Co0.05O2,NLMC,850.0,20.0,Rate performance,,94.6,,,0.1,1.5,4.1,"{'Na': '0.67', 'Li': '0.33', 'Mn': '0.95', 'Co': '0.05', 'O': '2'}"
10.1016/j.jelechem.2022.117129,2023,P2-Na0.67Li0.2Mn0.6Ni0.2O2,,850.0,20.0,Rate performance,,115.0,,,0.1,1.5,4.1,"{'Na': '0.67', 'Li': '0.2', 'Mn': '0.6', 'Ni': '0.2', 'O': '2'}"
10.1016/j.jelechem.2022.117129,2023,P2-Na0.7Mn0.9Cu0.1O2,,850.0,20.0,Rate performance,,130.0,,,0.1,1.5,4.1,"{'Na': '0.7', 'Mn': '0.9', 'Cu': '0.1', 'O': '2'}"
10.1016/j.ensm.2022.02.038,2022,NaTi0.2Mn0.2Fe0.2Co0.2Ni0.2O2,,950.0,12.0,Rate performance,,180.0,,,0.1,1.5,4.5,"{'Na': '1', 'Ti': '0.2', 'Mn': '0.2', 'Fe': '0.2', 'Co': '0.2', 'Ni': '0.2', 'O': '2'}"
10.1016/j.jelechem.2022.117129,2023,Na0.67Li0.33Mn0.95Co0.05O2,NLMC,850.0,20.0,Rate performance,,112.0,,,0.1,,,"{'Na': '0.67', 'Li': '0.33', 'Mn': '0.95', 'Co': '0.05', 'O': '2'}"
10.1039/c5ta06361b,2015,Na0.67Mg0.1Mn0.65Ni0.25O2,,,,Cycling performance,30.0,,89.0,,0.1,1.5,4.2,"{'Na': '0.67', 'Mg': '0.1', 'Mn': '0.65', 'Ni': '0.25', 'O': '2'}"
10.1016/j.ceramint.2014.04.126,2014,Na0.7Mn0.3Fe0.7O2,,900.0,8.0,Cycling performance,1.0,130.0,,13.0,0.1,,,"{'Na': '0.7', 'Mn': '0.3', 'Fe': '0.7', 'O': '2'}"
10.1039/c5ta06361b,2015,P2-Na0.67Mg0.1Mn0.65Ni0.25O2,,,,Rate performance,,140.0,,,0.1,1.5,4.2,"{'Na': '0.67', 'Mg': '0.1', 'Mn': '0.65', 'Ni': '0.25', 'O': '2'}"
10.1016/j.jtice.2022.104565,2022,O3-Na0.9Mg0.05Mn0.6Ni0.3Cu0.05O2,MNMC,900.0,12.0,Cycling performance,100.0,,89.0,,0.1,2.0,4.0,"{'Na': '0.9', 'Mg': '0.05', 'Mn': '0.6', 'Ni': '0.3', 'Cu': '0.05', 'O': '2'}"
10.1016/j.jtice.2022.104565,2022,O3-Na0.9Mn0.6Ni0.4O2,MN,900.0,12.0,Cycling performance,100.0,,59.0,,0.1,2.0,4.0,"{'Na': '0.9', 'Mn': '0.6', 'Ni': '0.4', 'O': '2'}"
10.1016/j.matlet.2019.06.013,2019,Na0.67Ti0.02Mn0.67Ni0.22Cu0.05Al0.02O2,NaMNCTAl,,,Cycling performance,1.0,145.3,,,0.1,2.0,4.3,"{'Na': '0.67', 'Ti': '0.02', 'Mn': '0.67', 'Ni': '0.22', 'Cu': '0.05', 'Al': '0.02', 'O': '2'}"
10.1016/j.matlet.2019.06.013,2019,Na0.67Ti0.02Mn0.67Ni0.22Cu0.05Al0.02O2,NaMNCTAl,,,Rate performance,,146.1,,,0.1,2.0,4.3,"{'Na': '0.67', 'Ti': '0.02', 'Mn': '0.67', 'Ni': '0.22', 'Cu': '0.05', 'Al': '0.02', 'O': '2'}"
10.1039/d1ta10329f,2021,O3-Na0.9Mn0.48Fe0.3Cu0.22O2,,,,Cycling performance,1.0,100.0,,10.0,0.1,2.5,4.05,"{'Na': '0.9', 'Mn': '0.48', 'Fe': '0.3', 'Cu': '0.22', 'O': '2'}"
10.1016/j.matlet.2019.06.013,2019,Na0.67Ti0.02Mn0.67Ni0.22Cu0.05Al0.02O2,NaMNCTAl,,,Rate performance,,148.5,,,0.1,2.0,4.3,"{'Na': '0.67', 'Ti': '0.02', 'Mn': '0.67', 'Ni': '0.22', 'Cu': '0.05', 'Al': '0.02', 'O': '2'}"
10.1016/j.cej.2023.141384,2023,P2-Na0.67Mn0.6Ni0.3Cu0.1O2,MNC-0,900.0,10.0,Cycling performance,100.0,,92.8,,0.1,2.0,4.0,"{'Na': '0.67', 'Mn': '0.6', 'Ni': '0.3', 'Cu': '0.1', 'O': '2'}"
10.1039/d1ta00627d,2021,Na0.8Ti0.1Mn0.55Fe0.1Ni0.25O2,FFT,900.0,15.0,Cycling performance,100.0,,100.0,,0.1,2.4,3.7,"{'Na': '0.8', 'Ti': '0.1', 'Mn': '0.55', 'Fe': '0.1', 'Ni': '0.25', 'O': '2'}"
10.1039/c4ta03991b,2014,O3-Na0.67Mn0.33Fe0.67O2,,1000.0,12.0,Cycling performance,1.0,151.09,,,0.1,1.5,4.2,"{'Na': '0.67', 'Mn': '0.33', 'Fe': '0.67', 'O': '2'}"
10.1039/d1ta08471b,2021,P2-Na0.6Li0.11Mn0.62Fe0.27O2,NLFMO,900.0,15.0,Cycling performance,5.0,,91.3,,0.1,2.0,3.5,"{'Na': '0.6', 'Li': '0.11', 'Mn': '0.62', 'Fe': '0.27', 'O': '2'}"
10.1039/d1ta08471b,2021,P2-Na0.6Li0.11Mn0.62Fe0.27O2,NLFMO,900.0,15.0,Cycling performance,5.0,,78.5,,0.1,2.0,3.5,"{'Na': '0.6', 'Li': '0.11', 'Mn': '0.62', 'Fe': '0.27', 'O': '2'}"
10.1016/j.apt.2019.10.010,2020,Na0.67Mn0.5Fe0.5O2,,,,Cycling performance,1.0,217.9,,,0.1,1.5,4.2,"{'Na': '0.67', 'Mn': '0.5', 'Fe': '0.5', 'O': '2'}"
10.1016/j.cej.2023.141384,2023,K0.05Na0.62Mn0.6Ni0.3Cu0.1O2,MNC-1,900.0,10.0,Rate performance,,121.4,,,0.1,2.0,4.0,"{'K': '0.05', 'Na': '0.62', 'Mn': '0.6', 'Ni': '0.3', 'Cu': '0.1', 'O': '2'}"
10.1039/c4ra10346g,2014,Na0.67Mn0.5Fe0.5O2,NFMO,900.0,12.0,Cycling performance,1.0,178.0,,,0.1,,,"{'Na': '0.67', 'Mn': '0.5', 'Fe': '0.5', 'O': '2'}"
10.1039/c4ra01391c,2014,P2-Na0.67Mn0.5Fe0.5O2,NFMO,850.0,12.0,Cycling performance,30.0,,20.0,,0.1,,,"{'Na': '0.67', 'Mn': '0.5', 'Fe': '0.5', 'O': '2'}"
10.1039/c4ra01391c,2014,C-Na0.67Mn0.5Fe0.5O2,NFMO,850.0,12.0,Cycling performance,1.0,167.0,,,0.1,,,"{'Na': '0.67', 'Mn': '0.5', 'Fe': '0.5', 'O': '2'}"
10.1039/d1ta08471b,2021,P2-Na0.6Li0.11Mn0.62Fe0.27O2,NLFMO,900.0,15.0,Rate performance,,195.3,,,0.1,2.0,3.5,"{'Na': '0.6', 'Li': '0.11', 'Mn': '0.62', 'Fe': '0.27', 'O': '2'}"
10.1039/c4ra01391c,2014,C-Na0.67Mn0.5Fe0.5O2,NFMO,850.0,12.0,Cycling performance,30.0,157.0,,,0.1,,,"{'Na': '0.67', 'Mn': '0.5', 'Fe': '0.5', 'O': '2'}"
10.1016/j.ssi.2017.11.008,2018,NaFeF3,,,,Cycling performance,1.0,150.0,,,0.1,1.5,4.0,"{'Na': '1', 'Fe': '1', 'F': '3'}"
10.1039/c4ra01391c,2014,C-Na0.67Mn0.5Fe0.5O2,NFMO,850.0,12.0,Cycling performance,30.0,,94.0,,0.1,,,"{'Na': '0.67', 'Mn': '0.5', 'Fe': '0.5', 'O': '2'}"
10.1016/j.cej.2019.123087,2020,Na0.57Sr0.05Mn0.6Co0.2Ni0.2O2,NSMNC,900.0,10.0,Cycling performance,1.0,120.9,,,0.1,1.9,4.0,"{'Na': '0.57', 'Sr': '0.05', 'Mn': '0.6', 'Co': '0.2', 'Ni': '0.2', 'O': '2'}"
10.1016/j.jtice.2022.104565,2022,O3-Na0.9Ti0.05Mn0.6Ni0.3Cu0.05O2,MNCT,900.0,12.0,Cycling performance,100.0,,92.0,,0.1,2.0,4.0,"{'Na': '0.9', 'Ti': '0.05', 'Mn': '0.6', 'Ni': '0.3', 'Cu': '0.05', 'O': '2'}"
10.1016/j.cej.2019.123087,2020,Na0.57Sr0.05Mn0.6Co0.2Ni0.2O2,NSMNC,900.0,10.0,Cycling performance,56.0,,99.0,,0.1,1.9,4.0,"{'Na': '0.57', 'Sr': '0.05', 'Mn': '0.6', 'Co': '0.2', 'Ni': '0.2', 'O': '2'}"
10.1016/j.cej.2019.123087,2020,Na0.57Sr0.05Mn0.6Co0.2Ni0.2O2,NSMNC,900.0,10.0,Cycling performance,1.0,122.1,,,0.1,1.9,4.0,"{'Na': '0.57', 'Sr': '0.05', 'Mn': '0.6', 'Co': '0.2', 'Ni': '0.2', 'O': '2'}"
10.1016/j.jtice.2022.104565,2022,O3-Na0.9Ti0.05Mn0.6Ni0.3Cu0.05O2,MNCT,900.0,12.0,Rate performance,,182.68,,,0.1,2.0,4.0,"{'Na': '0.9', 'Ti': '0.05', 'Mn': '0.6', 'Ni': '0.3', 'Cu': '0.05', 'O': '2'}"
10.1016/j.jtice.2022.104565,2022,O3-Na0.9Mg0.05Ti0.05Mn0.6Ni0.3O2,MNTM,900.0,12.0,Rate performance,,177.54,,,0.1,2.0,4.0,"{'Na': '0.9', 'Mg': '0.05', 'Ti': '0.05', 'Mn': '0.6', 'Ni': '0.3', 'O': '2'}"
10.1016/j.jtice.2022.104565,2022,O3-Na0.9Mn0.6Ni0.4O2,MN,900.0,12.0,Rate performance,,172.4,,,0.1,2.0,4.0,"{'Na': '0.9', 'Mn': '0.6', 'Ni': '0.4', 'O': '2'}"
10.1016/j.cej.2019.123087,2020,Na0.57Sr0.05Mn0.6Co0.2Ni0.2O2,NSMNC,900.0,10.0,Cycling performance,56.0,120.9,,,0.1,1.9,4.0,"{'Na': '0.57', 'Sr': '0.05', 'Mn': '0.6', 'Co': '0.2', 'Ni': '0.2', 'O': '2'}"
10.1039/d0ta08383f,2020,NaMn0.89Cu0.08Sb0.03O2,NMCSO,950.0,10.0,Rate performance,,204.0,,,0.1,2.0,4.0,"{'Na': '1', 'Mn': '0.89', 'Cu': '0.08', 'Sb': '0.03', 'O': '2'}"
10.1039/d1ta00627d,2021,Na0.8Ti0.1Mn0.55Fe0.1Ni0.25O2,FFT,900.0,15.0,Cycling performance,1.0,154.6,,,0.1,2.4,3.7,"{'Na': '0.8', 'Ti': '0.1', 'Mn': '0.55', 'Fe': '0.1', 'Ni': '0.25', 'O': '2'}"
10.1016/j.jtice.2022.104565,2022,O3-Na0.9Mg0.05Ti0.05Mn0.6Ni0.3O2,MNTM,900.0,12.0,Cycling performance,100.0,,90.0,,0.1,2.0,4.0,"{'Na': '0.9', 'Mg': '0.05', 'Ti': '0.05', 'Mn': '0.6', 'Ni': '0.3', 'O': '2'}"
10.1016/j.cej.2021.134305,2022,NaCrO2,NC,1000.0,12.0,Rate performance,,120.0,,,0.1,2.5,3.5,"{'Na': '1', 'Cr': '1', 'O': '2'}"
10.1016/j.cej.2021.134305,2022,NaCrO2,NC,1000.0,12.0,Rate performance,,31.3,,,0.1,2.5,3.5,"{'Na': '1', 'Cr': '1', 'O': '2'}"
10.1039/d1ta00627d,2021,Na0.8Ti0.1Mn0.55Fe0.1Ni0.25O2,FFT,900.0,15.0,Cycling performance,100.0,154.6,,,0.1,2.4,3.7,"{'Na': '0.8', 'Ti': '0.1', 'Mn': '0.55', 'Fe': '0.1', 'Ni': '0.25', 'O': '2'}"
10.1016/j.cej.2019.123087,2020,Na0.57Sr0.05Mn0.6Co0.2Ni0.2O2,NSMNC,900.0,10.0,Cycling performance,200.0,,85.6,,0.1,1.9,4.0,"{'Na': '0.57', 'Sr': '0.05', 'Mn': '0.6', 'Co': '0.2', 'Ni': '0.2', 'O': '2'}"
10.1039/c4ta03991b,2014,O3-Na0.67Mn0.33Fe0.67O2,,1000.0,12.0,Rate performance,,134.01,,,0.1,1.5,4.2,"{'Na': '0.67', 'Mn': '0.33', 'Fe': '0.67', 'O': '2'}"
10.1016/j.jtice.2022.104565,2022,O3-Na0.9Mn0.6Ni0.4O2,MN,900.0,12.0,Rate performance,,218.24,,,0.1,2.0,4.0,"{'Na': '0.9', 'Mn': '0.6', 'Ni': '0.4', 'O': '2'}"
10.1039/c4ta03991b,2014,O3-Na0.67Mn0.33Fe0.67O2,,1000.0,12.0,Rate performance,,114.7,,,0.1,1.5,4.2,"{'Na': '0.67', 'Mn': '0.33', 'Fe': '0.67', 'O': '2'}"
10.1016/j.cej.2019.123087,2020,Na0.57Sr0.05Mn0.6Co0.2Ni0.2O2,NSMNC,900.0,10.0,Cycling performance,200.0,103.5,,,0.1,1.9,4.0,"{'Na': '0.57', 'Sr': '0.05', 'Mn': '0.6', 'Co': '0.2', 'Ni': '0.2', 'O': '2'}"
10.1016/j.jtice.2022.104565,2022,O3-Na0.9Ti0.05Mn0.6Ni0.3Cu0.05O2,MNCT,900.0,12.0,Rate performance,,165.0,,,0.1,2.0,4.0,"{'Na': '0.9', 'Ti': '0.05', 'Mn': '0.6', 'Ni': '0.3', 'Cu': '0.05', 'O': '2'}"
10.1016/j.ensm.2019.07.022,2020,NaTi0.25Cr0.25Fe0.25Ni0.25O2,NCFNT,900.0,12.0,Cycling performance,1.0,129.2,,,0.1,1.5,4.1,"{'Na': '1', 'Ti': '0.25', 'Cr': '0.25', 'Fe': '0.25', 'Ni': '0.25', 'O': '2'}"
10.1039/c6ra06785a,2016,O3-NaMn0.4Co0.2Ni0.4O2,,800.0,8.0,Cycling performance,10.0,109.0,,,0.1,1.6,4.5,"{'Na': '1', 'Mn': '0.4', 'Co': '0.2', 'Ni': '0.4', 'O': '2'}"
10.1016/j.ceramint.2017.02.036,2017,Na0.6MnO2,,850.0,12.0,Rate performance,,180.0,,,0.1,1.5,4.3,"{'Na': '0.6', 'Mn': '1', 'O': '2'}"
10.1039/c6ra06785a,2016,O3-NaMn0.4Co0.2Ni0.4O2,,800.0,8.0,Cycling performance,10.0,,63.0,,0.1,1.6,4.5,"{'Na': '1', 'Mn': '0.4', 'Co': '0.2', 'Ni': '0.4', 'O': '2'}"
10.1016/j.matlet.2020.129119,2021,O3-NaTi0.1Cr0.45Fe0.45O2,NFCT,900.0,12.0,Cycling performance,50.0,99.3,,,0.1,2.0,4.0,"{'Na': '1', 'Ti': '0.1', 'Cr': '0.45', 'Fe': '0.45', 'O': '2'}"
10.1016/j.cej.2020.126578,2021,Na0.67Mn0.67Ni0.18Cu0.15O2,,900.0,10.0,Cycling performance,200.0,62.0,,,0.1,2.0,4.3,"{'Na': '0.67', 'Mn': '0.67', 'Ni': '0.18', 'Cu': '0.15', 'O': '2'}"
10.1016/j.matlet.2020.129119,2021,O3-NaTi0.1Cr0.45Fe0.45O2,NFCT,900.0,12.0,Cycling performance,50.0,,70.6,,0.1,2.0,4.0,"{'Na': '1', 'Ti': '0.1', 'Cr': '0.45', 'Fe': '0.45', 'O': '2'}"
10.1016/j.apt.2019.10.010,2020,Na0.67Mn0.5Fe0.5O2,,,,Rate performance,,217.9,,,0.1,1.5,4.2,"{'Na': '0.67', 'Mn': '0.5', 'Fe': '0.5', 'O': '2'}"
10.1016/j.cej.2020.126578,2021,Na0.67Mn0.67Ni0.18Cu0.15O2,,900.0,10.0,Cycling performance,1.0,79.5,,,0.1,2.0,4.3,"{'Na': '0.67', 'Mn': '0.67', 'Ni': '0.18', 'Cu': '0.15', 'O': '2'}"
10.1016/j.cej.2020.126578,2021,Na0.67Mn0.67Ni0.18Cu0.15O2,,900.0,10.0,Cycling performance,200.0,,78.0,,0.1,2.0,4.3,"{'Na': '0.67', 'Mn': '0.67', 'Ni': '0.18', 'Cu': '0.15', 'O': '2'}"
10.1016/j.nanoen.2016.06.026,2016,Na0.67Mn0.67Ni0.33O2,Mn0.67Ni0.33,950.0,10.0,Cycling performance,60.0,140.2,,,0.1,2.5,4.5,"{'Na': '0.67', 'Mn': '0.67', 'Ni': '0.33', 'O': '2'}"
10.1039/d2qi01018f,2022,P2/O3-Na0.7Li0.1Mn0.6Fe0.2Ni0.1O2,LN,900.0,12.0,Cycling performance,500.0,102.2,,,0.1,2.5,4.3,"{'Na': '0.7', 'Li': '0.1', 'Mn': '0.6', 'Fe': '0.2', 'Ni': '0.1', 'O': '2'}"
10.1039/c7qi00778g,2017,P2-Na0.67Mn0.5Fe0.5O2,,900.0,5.0,Cycling performance,80.0,,55.0,,0.1,2.0,4.2,"{'Na': '0.67', 'Mn': '0.5', 'Fe': '0.5', 'O': '2'}"
10.1016/j.nanoen.2016.06.026,2016,Na0.67Mn0.67Ni0.33O2,Mn0.67Ni0.33,950.0,10.0,Cycling performance,110.0,130.0,,,0.1,2.5,4.5,"{'Na': '0.67', 'Mn': '0.67', 'Ni': '0.33', 'O': '2'}"
10.1039/c7qi00778g,2017,Na0.67Cr0.1Mn0.65Co0.25O2,,900.0,5.0,Cycling performance,80.0,,66.35,,0.1,2.0,4.2,"{'Na': '0.67', 'Cr': '0.1', 'Mn': '0.65', 'Co': '0.25', 'O': '2'}"
10.1016/j.cej.2020.126446,2021,P2-Na0.65Mn0.7Co0.14Ni0.16O2,NMNCO,950.0,15.0,Rate performance,,161.1,,,0.1,1.5,4.3,"{'Na': '0.65', 'Mn': '0.7', 'Co': '0.14', 'Ni': '0.16', 'O': '2'}"
10.1016/j.ensm.2020.03.016,2020,Na0.67Mn0.72Cu0.28O2,,850.0,10.0,Cycling performance,50.0,82.3,,,0.1,,,"{'Na': '0.67', 'Mn': '0.72', 'Cu': '0.28', 'O': '2'}"
10.1016/j.electacta.2022.141079,2022,NaMn0.9B0.1O2,,710.0,12.0,Rate performance,,134.9,,,0.1,2.5,4.0,"{'Na': '1', 'Mn': '0.9', 'B': '0.1', 'O': '2'}"
10.1016/j.nanoen.2023.108340,2023,Na0.6Ti0.05Mn0.95O2,NMT-5,1000.0,5.0,Cycling performance,1.0,106.4,,,0.1,2.0,4.1,"{'Na': '0.6', 'Ti': '0.05', 'Mn': '0.95', 'O': '2'}"
10.1016/j.nanoen.2023.108340,2023,Na0.6Ti0.05Mn0.95O2,NMT-5,1000.0,5.0,Cycling performance,100.0,95.3,,,0.1,2.0,4.1,"{'Na': '0.6', 'Ti': '0.05', 'Mn': '0.95', 'O': '2'}"
10.1016/j.ensm.2022.02.038,2022,O3-NaTi0.2Mn0.2Fe0.2Co0.2Ni0.2O2,,950.0,12.0,Rate performance,,180.0,,,0.1,1.5,4.5,"{'Na': '1', 'Ti': '0.2', 'Mn': '0.2', 'Fe': '0.2', 'Co': '0.2', 'Ni': '0.2', 'O': '2'}"
10.1016/j.matlet.2020.129119,2021,O3-NaTi0.1Cr0.45Fe0.45O2,NFCT,900.0,12.0,Cycling performance,1.0,140.63,,,0.1,2.0,4.0,"{'Na': '1', 'Ti': '0.1', 'Cr': '0.45', 'Fe': '0.45', 'O': '2'}"
10.1016/j.matlet.2020.128181,2020,NaTi0.1Fe0.45Co0.45O2,,900.0,12.0,Cycling performance,1.0,144.0,,,0.1,2.0,4.0,"{'Na': '1', 'Ti': '0.1', 'Fe': '0.45', 'Co': '0.45', 'O': '2'}"
10.1039/c7ra00566k,2017,Na0.67Mn0.5Fe0.5O2,NaMFC-4,900.0,12.0,Cycling performance,1.0,159.0,,,0.1,,,"{'Na': '0.67', 'Mn': '0.5', 'Fe': '0.5', 'O': '2'}"
10.1039/c7ra00566k,2017,P2-Na0.67Mn0.5Fe0.25Co0.25O2,NaMFC-1,900.0,12.0,Cycling performance,1.0,144.0,,,0.1,,,"{'Na': '0.67', 'Mn': '0.5', 'Fe': '0.25', 'Co': '0.25', 'O': '2'}"
10.1016/j.cej.2020.126446,2021,P2-Na0.65Mn0.7Co0.14Ni0.16O2,NMNCO,950.0,15.0,Rate performance,,206.8,,,0.1,1.5,4.3,"{'Na': '0.65', 'Mn': '0.7', 'Co': '0.14', 'Ni': '0.16', 'O': '2'}"
10.1039/c8cc05888a,2018,NaTi0.25Mn0.25Fe0.25Ni0.25O2,NFMNT,,,Rate performance,,145.0,,,0.1,1.5,4.0,"{'Na': '1', 'Ti': '0.25', 'Mn': '0.25', 'Fe': '0.25', 'Ni': '0.25', 'O': '2'}"
10.1016/j.materresbull.2019.110586,2020,NaVO2,,700.0,2.0,Rate performance,,160.0,,,0.1,1.2,3.0,"{'Na': '1', 'V': '1', 'O': '2'}"
10.1016/j.matlet.2017.05.084,2017,P2-Na0.67Mn0.5Fe0.5O2,,800.0,8.0,Cycling performance,1.0,230.0,,,0.1,,,"{'Na': '0.67', 'Mn': '0.5', 'Fe': '0.5', 'O': '2'}"
10.1016/j.matlet.2019.07.001,2019,P2-Na0.67Mn0.5Fe0.5O2,,800.0,8.0,Rate performance,,218.6,,,0.1,,,"{'Na': '0.67', 'Mn': '0.5', 'Fe': '0.5', 'O': '2'}"
10.1039/c7ta11180k,2017,P2/O3-Na0.67Li0.18,,1000.0,6.0,Cycling performance,1.0,125.0,,,0.1,1.5,4.2,"{'Na': '0.67', 'Li': '0.18'}"
10.1016/j.matlet.2019.07.001,2019,P2-Na0.67Mn0.5Fe0.5O2,,800.0,8.0,Cycling performance,1.0,218.6,,,0.1,1.5,4.2,"{'Na': '0.67', 'Mn': '0.5', 'Fe': '0.5', 'O': '2'}"
10.1039/c7ta11180k,2017,P2/O3-Na0.67Li0.18Mn0.8Fe0.2O2,NMR,1000.0,6.0,Cycling performance,1.0,125.0,,,0.1,1.5,4.2,"{'Na': '0.67', 'Li': '0.18', 'Mn': '0.8', 'Fe': '0.2', 'O': '2'}"
10.1016/j.ceramint.2022.04.206,2022,Na0.7Mn0.65Ni0.2Cu0.15O2,NNCM,950.0,12.0,Cycling performance,300.0,94.0,,,0.1,3.0,4.0,"{'Na': '0.7', 'Mn': '0.65', 'Ni': '0.2', 'Cu': '0.15', 'O': '2'}"
10.1039/c7ta11180k,2017,P2/O3-Na0.67Li0.18Mn0.8Fe0.2O2,NMR,1000.0,6.0,Cycling performance,100.0,125.0,,,0.1,,,"{'Na': '0.67', 'Li': '0.18', 'Mn': '0.8', 'Fe': '0.2', 'O': '2'}"
10.1039/c8ee00309b,2018,Na0.9Mn0.52Fe0.28Cu0.2O2,CFM-Cu,850.0,10.0,Cycling performance,100.0,125.0,,,0.1,,,"{'Na': '0.9', 'Mn': '0.52', 'Fe': '0.28', 'Cu': '0.2', 'O': '2'}"
10.1016/j.matlet.2020.127739,2020,NaFeO2,,,,Cycling performance,1.0,136.0,,,0.1,,,"{'Na': '1', 'Fe': '1', 'O': '2'}"
10.1016/j.matlet.2020.127739,2020,NaFeO2,,,,Rate performance,,300.0,,,0.1,0.2,4.0,"{'Na': '1', 'Fe': '1', 'O': '2'}"
10.1016/j.matlet.2020.127950,2020,O3-NaMg0.15Ti0.7Ni0.15O2,,900.0,12.0,Rate performance,,113.08,,,0.1,0.2,2.5,"{'Na': '1', 'Mg': '0.15', 'Ti': '0.7', 'Ni': '0.15', 'O': '2'}"
10.1016/j.ensm.2020.11.037,2021,P2-Na0.67Mg0.1Mn0.67Ni0.23O2,NNMMO-HNA,900.0,15.0,Cycling performance,50.0,,95.3,,0.1,,,"{'Na': '0.67', 'Mg': '0.1', 'Mn': '0.67', 'Ni': '0.23', 'O': '2'}"
10.1016/j.ensm.2020.11.037,2021,P2-Na0.67Mg0.1Mn0.67Ni0.23O2,NNMMO-HNA,900.0,15.0,Cycling performance,50.0,,72.7,,0.1,2.5,4.35,"{'Na': '0.67', 'Mg': '0.1', 'Mn': '0.67', 'Ni': '0.23', 'O': '2'}"
10.1039/c8ee00309b,2018,Na0.9Mn0.52Fe0.28Cu0.2O2,CFM-Cu,850.0,10.0,Cycling performance,1.0,125.0,,,0.1,2.0,4.0,"{'Na': '0.9', 'Mn': '0.52', 'Fe': '0.28', 'Cu': '0.2', 'O': '2'}"
10.1039/c8ee00309b,2018,Na0.9Mn0.52Fe0.28Cu0.2O2,CFM-Cu,850.0,10.0,Cycling performance,1.0,127.0,,,0.1,2.0,4.0,"{'Na': '0.9', 'Mn': '0.52', 'Fe': '0.28', 'Cu': '0.2', 'O': '2'}"
10.1016/j.matlet.2020.127739,2020,NaFeO2,,,,Cycling performance,1.0,335.0,,,0.1,,,"{'Na': '1', 'Fe': '1', 'O': '2'}"
10.1016/j.ceramint.2022.04.206,2022,Na0.7Mn0.65Ni0.2Cu0.15O2,NNCM,950.0,12.0,Cycling performance,1.0,99.0,,,0.1,3.0,4.0,"{'Na': '0.7', 'Mn': '0.65', 'Ni': '0.2', 'Cu': '0.15', 'O': '2'}"
10.1016/j.ceramint.2022.04.206,2022,Na0.7Mn0.65Ni0.2Cu0.15O2,NNCM,950.0,12.0,Cycling performance,300.0,,95.0,,0.1,3.0,4.0,"{'Na': '0.7', 'Mn': '0.65', 'Ni': '0.2', 'Cu': '0.15', 'O': '2'}"
10.1016/j.cej.2022.138912,2023,Na0.67Mg0.1Mn0.6Cu0.3O2,NMCM,900.0,10.0,Cycling performance,1.0,141.6,,,0.1,2.0,4.5,"{'Na': '0.67', 'Mg': '0.1', 'Mn': '0.6', 'Cu': '0.3', 'O': '2'}"
10.1016/j.nanoen.2023.108340,2023,Na0.6Ti0.05Mn0.95O2,NMT-5,1000.0,5.0,Cycling performance,100.0,,89.6,,0.1,2.0,4.1,"{'Na': '0.6', 'Ti': '0.05', 'Mn': '0.95', 'O': '2'}"
10.1039/c8ta10980j,2018,P2-Na0.67Mn0.67Ni0.33O2,NaNMO,850.0,12.0,Rate performance,,160.0,,16.0,0.1,2.0,4.3,"{'Na': '0.67', 'Mn': '0.67', 'Ni': '0.33', 'O': '2'}"
10.1039/c8ta11927a,2018,Na0.67Mn0.67Ni0.33O2,NNMO,900.0,20.0,Cycling performance,100.0,89.0,,,0.1,2.0,4.5,"{'Na': '0.67', 'Mn': '0.67', 'Ni': '0.33', 'O': '2'}"
10.1039/c8ta11927a,2018,Na0.67Mn0.67Ni0.33O2,NNMO,900.0,20.0,Cycling performance,1.0,93.0,,,0.1,2.0,4.5,"{'Na': '0.67', 'Mn': '0.67', 'Ni': '0.33', 'O': '2'}"
10.1039/c8ta11927a,2018,Na0.67Mn0.67Ni0.33O2,NNMO,900.0,20.0,Cycling performance,100.0,,95.7,,0.1,2.0,4.5,"{'Na': '0.67', 'Mn': '0.67', 'Ni': '0.33', 'O': '2'}"
10.1039/c6ra22818f,2016,O3-Na0.9Ti0.1Mn0.4Fe0.5O2,,900.0,12.0,Cycling performance,150.0,102.0,,,0.1,2.0,4.0,"{'Na': '0.9', 'Ti': '0.1', 'Mn': '0.4', 'Fe': '0.5', 'O': '2'}"
10.1016/j.cej.2023.141994,2023,P3-Na0.6Mg0.3Mn0.7O2,NMMO,850.0,24.0,Cycling performance,1.0,202.0,,,0.1,1.5,4.5,"{'Na': '0.6', 'Mg': '0.3', 'Mn': '0.7', 'O': '2'}"
10.1039/c6ra06785a,2016,NaMnO2,,800.0,8.0,Rate performance,,126.0,,,0.1,2.2,3.8,"{'Na': '1', 'Mn': '1', 'O': '2'}"
10.1016/j.cej.2023.141994,2023,P2-Na0.6Mg0.3Mn0.7O2,NMMO,850.0,24.0,Cycling performance,1.0,152.9,,,0.1,1.5,4.5,"{'Na': '0.6', 'Mg': '0.3', 'Mn': '0.7', 'O': '2'}"
10.1016/j.est.2023.107242,2023,Na0.8Mn0.6Ni0.3Cu0.1O2,NMNC-850,550.0,12.0,Cycling performance,100.0,118.2,,,0.1,1.5,4.2,"{'Na': '0.8', 'Mn': '0.6', 'Ni': '0.3', 'Cu': '0.1', 'O': '2'}"
10.1016/j.ensm.2022.02.038,2022,O3-NaTi0.2Mn0.2Fe0.2Co0.2Ni0.2O2,,950.0,12.0,Rate performance,,110.0,,,0.1,1.5,4.5,"{'Na': '1', 'Ti': '0.2', 'Mn': '0.2', 'Fe': '0.2', 'Co': '0.2', 'Ni': '0.2', 'O': '2'}"
10.1039/d0cc02168g,2020,NaMn0.5Ni0.5O,,,,Rate performance,,191.0,,,0.1,,,"{'Na': '1', 'Mn': '0.5', 'Ni': '0.5', 'O': '1'}"
10.1016/j.cej.2017.01.109,2017,Na0.53MnO2,NMO,600.0,8.0,Rate performance,,135.7,,,0.1,2.0,4.3,"{'Na': '0.53', 'Mn': '1', 'O': '2'}"
10.1016/j.ceramint.2019.08.011,2019,NaFe0.33Co0.33Ni0.33O2,,900.0,15.0,Cycling performance,20.0,,95.0,,0.1,2.0,4.2,"{'Na': '1', 'Fe': '0.33', 'Co': '0.33', 'Ni': '0.33', 'O': '2'}"
10.1016/j.ceramint.2017.05.007,2017,Na0.67Mn0.75Ni0.25O2,,900.0,6.0,Rate performance,,62.0,,,0.1,,,"{'Na': '0.67', 'Mn': '0.75', 'Ni': '0.25', 'O': '2'}"
10.1016/j.cej.2017.01.109,2017,Na0.53MnO2,NMO,600.0,8.0,Rate performance,,140.0,,,0.1,2.0,4.3,"{'Na': '0.53', 'Mn': '1', 'O': '2'}"
10.1039/c6ra22818f,2016,O3-Na0.9Ti0.1Mn0.4Fe0.5O2,,900.0,12.0,Cycling performance,150.0,109.0,,,0.1,2.0,4.0,"{'Na': '0.9', 'Ti': '0.1', 'Mn': '0.4', 'Fe': '0.5', 'O': '2'}"
10.1016/j.susmat.2021.e00258,2021,NaFeO2,,800.0,2.0,Cycling performance,1.0,102.6,,,0.1,,,"{'Na': '1', 'Fe': '1', 'O': '2'}"
10.1016/j.susmat.2021.e00258,2021,NaFeO2,,800.0,2.0,Cycling performance,100.0,,87.3,,0.1,,,"{'Na': '1', 'Fe': '1', 'O': '2'}"
10.1039/c8ta07933a,2018,Na0.7Mn0.55Fe0.3Cu0.15O2,,900.0,12.0,Cycling performance,80.0,,82.0,,0.1,2.5,4.2,"{'Na': '0.7', 'Mn': '0.55', 'Fe': '0.3', 'Cu': '0.15', 'O': '2'}"
10.1016/j.ensm.2020.03.016,2020,Na0.67Mn0.72Cu0.28O2,,850.0,10.0,Cycling performance,1.0,84.0,,,0.1,,,"{'Na': '0.67', 'Mn': '0.72', 'Cu': '0.28', 'O': '2'}"
10.1039/c6ta08667e,2016,Na0.6Mn0.66Ni0.22Al0.11O2,NAM,1000.0,6.0,Cycling performance,15.0,207.0,,,0.1,1.5,4.6,"{'Na': '0.6', 'Mn': '0.66', 'Ni': '0.22', 'Al': '0.11', 'O': '2'}"
10.1039/c6ta08667e,2016,Na0.6Mn0.66Ni0.22Al0.11O2,NAM,1000.0,6.0,Rate performance,,250.0,,,0.1,,,"{'Na': '0.6', 'Mn': '0.66', 'Ni': '0.22', 'Al': '0.11', 'O': '2'}"
10.1039/c6ta08661f,2016,NaNi0.67Bi0.33O2,,750.0,12.0,Rate performance,,96.0,,,0.1,2.0,4.0,"{'Na': '1', 'Ni': '0.67', 'Bi': '0.33', 'O': '2'}"
10.1016/j.ceramint.2020.10.102,2021,Na0.67Mn0.5Fe0.5O2,,850.0,10.0,Rate performance,,240.2,,,0.1,1.5,4.2,"{'Na': '0.67', 'Mn': '0.5', 'Fe': '0.5', 'O': '2'}"
10.1016/j.apt.2019.10.010,2020,Na0.67Mn0.5Fe0.5O2,,,,Cycling performance,130.0,,100.0,,0.1,1.5,4.2,"{'Na': '0.67', 'Mn': '0.5', 'Fe': '0.5', 'O': '2'}"
10.1039/c6ra06785a,2016,NaMnO2,,800.0,8.0,Rate performance,,144.0,,,0.1,2.2,3.8,"{'Na': '1', 'Mn': '1', 'O': '2'}"
10.1016/j.cap.2015.12.014,2016,Na0.6Li0.6Mn0.72Co0.1Ni0.18O2,NLNCM,800.0,6.0,Rate performance,,284.0,,,0.1,2.0,4.6,"{'Na': '0.6', 'Li': '0.6', 'Mn': '0.72', 'Co': '0.1', 'Ni': '0.18', 'O': '2'}"
10.1039/c6ta07392a,2016,NaMn0.1Co0.1Ni0.8O2,Na-NCM,750.0,24.0,Rate performance,,150.0,,15.0,0.1,1.5,4.1,"{'Na': '1', 'Mn': '0.1', 'Co': '0.1', 'Ni': '0.8', 'O': '2'}"
10.1016/j.ceramint.2020.10.102,2021,Na0.67V0.02Mn0.48Fe0.5O2,,850.0,10.0,Cycling performance,65.0,196.9,,,0.1,1.5,4.2,"{'Na': '0.67', 'V': '0.02', 'Mn': '0.48', 'Fe': '0.5', 'O': '2'}"
10.1016/j.cej.2021.128704,2021,O3-Na0.94Ti0.15Mn0.3Fe0.16Ni0.29Cu0.1O2,NNCFMTO,950.0,15.0,Rate performance,,121.0,,,0.1,2.0,4.0,"{'Na': '0.94', 'Ti': '0.15', 'Mn': '0.3', 'Fe': '0.16', 'Ni': '0.29', 'Cu': '0.1', 'O': '2'}"
10.1016/j.ceramint.2020.10.102,2021,Na0.67V0.02Mn0.48Fe0.5O2,,850.0,10.0,Cycling performance,65.0,,82.4,,0.1,1.5,4.2,"{'Na': '0.67', 'V': '0.02', 'Mn': '0.48', 'Fe': '0.5', 'O': '2'}"
10.1016/j.susmat.2021.e00258,2021,NaFeO2,,800.0,2.0,Cycling performance,100.0,89.6,,,0.1,,,"{'Na': '1', 'Fe': '1', 'O': '2'}"
10.1016/j.ceramint.2020.10.102,2021,Na0.67Mn0.5Fe0.5O2,,850.0,10.0,Rate performance,,237.6,,,0.1,1.5,4.2,"{'Na': '0.67', 'Mn': '0.5', 'Fe': '0.5', 'O': '2'}"
10.1016/j.ceramint.2020.10.102,2021,Na0.67V0.02Mn0.48Fe0.5O2,,850.0,10.0,Cycling performance,1.0,238.9,,,0.1,1.5,4.2,"{'Na': '0.67', 'V': '0.02', 'Mn': '0.48', 'Fe': '0.5', 'O': '2'}"
10.1039/c8ta10980j,2018,P2-Na0.67Mn0.67Ni0.33O2,NaNMO,850.0,12.0,Cycling performance,1.0,159.7,,16.0,0.1001878522229179,2.0,4.3,"{'Na': '0.67', 'Mn': '0.67', 'Ni': '0.33', 'O': '2'}"
10.1016/j.mtener.2022.101106,2022,Na0.7Ti0.2Mn0.4Ni0.4O2,NNM-Ti0.2,900.0,15.0,Cycling performance,1.0,299.0,,30.0,0.1003344481605351,0.0,2.5,"{'Na': '0.7', 'Ti': '0.2', 'Mn': '0.4', 'Ni': '0.4', 'O': '2'}"
10.1016/j.jcis.2022.11.107,2023,Na0.67Ti0.3Mn0.37Ni0.33O1.9F0.1,Ti-doped-NNMOF,900.0,12.0,Cycling performance,1.0,169.0,,17.0,0.1005917159763313,2.0,4.4,"{'Na': '0.67', 'Ti': '0.3', 'Mn': '0.37', 'Ni': '0.33', 'O': '1.9', 'F': '0.1'}"
10.1039/c5cc06585b,2015,NaTi0.12Mn0.12Fe0.25Co0.25Ni0.25O2,NCFMT,,,Rate performance,,128.89,,13.0,0.1008611994724183,2.0,4.1,"{'Na': '1', 'Ti': '0.12', 'Mn': '0.12', 'Fe': '0.25', 'Co': '0.25', 'Ni': '0.25', 'O': '2'}"
10.1016/j.jpowsour.2023.232686,2023,P2/O3-Na0.8Mn0.55Ni0.35Cu0.1O2,,950.0,15.0,Cycling performance,1.0,148.7,,15.0,0.1008742434431741,1.5,4.2,"{'Na': '0.8', 'Mn': '0.55', 'Ni': '0.35', 'Cu': '0.1', 'O': '2'}"
10.1016/j.compositesb.2021.108729,2021,Na0.66Li0.22Ti0.78O2,NLTO,900.0,10.0,Cycling performance,5.0,105.0,,10.6,0.1009523809523809,1.5,4.2,"{'Na': '0.66', 'Li': '0.22', 'Ti': '0.78', 'O': '2'}"
10.1016/j.jelechem.2023.117222,2023,Na0.9Mn0.45Fe0.5Ni0.05O2,NFNM,,,Cycling performance,1.0,148.0,,15.0,0.1013513513513513,2.0,4.4,"{'Na': '0.9', 'Mn': '0.45', 'Fe': '0.5', 'Ni': '0.05', 'O': '2'}"
10.1016/j.jpowsour.2023.232879,2023,NaMn0.33Fe0.33Ni0.33O2,,180.0,8.0,Rate performance,,295.9,,30.0,0.1013856032443393,0.2,1.5,"{'Na': '1', 'Mn': '0.33', 'Fe': '0.33', 'Ni': '0.33', 'O': '2'}"
10.1016/j.jallcom.2019.04.053,2019,O3-NaTi0.1Mn0.4Ni0.4Cu0.1O2,,480.0,6.0,Rate performance,,118.0,,12.0,0.1016949152542373,2.0,4.0,"{'Na': '1', 'Ti': '0.1', 'Mn': '0.4', 'Ni': '0.4', 'Cu': '0.1', 'O': '2'}"
10.1016/j.jpowsour.2014.12.083,2015,Na0.66Mn0.67Ni0.26Zn0.07O2,,900.0,15.0,Cycling performance,30.0,117.5,,12.0,0.102127659574468,3.0,4.0,"{'Na': '0.66', 'Mn': '0.67', 'Ni': '0.26', 'Zn': '0.07', 'O': '2'}"
10.1016/j.chemphys.2019.110582,2020,Na0.59Mn0.8Co0.2O2,NCM,900.0,12.0,Cycling performance,1.0,152.5,,15.6,0.1022950819672131,2.0,4.0,"{'Na': '0.59', 'Mn': '0.8', 'Co': '0.2', 'O': '2'}"
10.1039/c6ta07392a,2016,NaMn0.1Co0.1Ni0.8O2,Na-NCM,750.0,24.0,Rate performance,,146.1,,15.0,0.1026694045174538,1.5,4.1,"{'Na': '1', 'Mn': '0.1', 'Co': '0.1', 'Ni': '0.8', 'O': '2'}"
10.1039/c5ta05769h,2015,NaTi0.25Fe0.25Co0.25Ni0.25O2,NCFT,800.0,24.0,Rate performance,,116.8,,12.0,0.1027397260273972,0.6,1.6,"{'Na': '1', 'Ti': '0.25', 'Fe': '0.25', 'Co': '0.25', 'Ni': '0.25', 'O': '2'}"
10.1039/d1ta10329f,2021,NaMg0.02Mn0.48Fe0.3Ni0.2O2,,,,Rate performance,,136.0,,14.0,0.1029411764705882,2.0,4.2,"{'Na': '1', 'Mg': '0.02', 'Mn': '0.48', 'Fe': '0.3', 'Ni': '0.2', 'O': '2'}"
10.1016/j.cej.2019.05.010,2019,P3-Na0.65Mn0.75Ni0.25O2,NaMN,500.0,5.0,Rate performance,,165.0,,17.0,0.103030303030303,1.5,3.75,"{'Na': '0.65', 'Mn': '0.75', 'Ni': '0.25', 'O': '2'}"
10.1039/d1ta10329f,2021,O3-Na0.9Mn0.48Fe0.3Cu0.22O2,,,,Cycling performance,100.0,97.0,,10.0,0.1030927835051546,2.5,4.05,"{'Na': '0.9', 'Mn': '0.48', 'Fe': '0.3', 'Cu': '0.22', 'O': '2'}"
10.1039/d1ta10329f,2021,O3-NaMn0.32Fe0.32Ni0.32Al0.05O2,,,,Cycling performance,1.0,145.4,,15.0,0.1031636863823934,2.0,4.2,"{'Na': '1', 'Mn': '0.32', 'Fe': '0.32', 'Ni': '0.32', 'Al': '0.05', 'O': '2'}"
10.1016/j.jallcom.2019.04.053,2019,O3-NaTi0.1Mn0.4Ni0.4Cu0.1O2,,480.0,6.0,Rate performance,,116.0,,12.0,0.1034482758620689,2.0,4.0,"{'Na': '1', 'Ti': '0.1', 'Mn': '0.4', 'Ni': '0.4', 'Cu': '0.1', 'O': '2'}"
10.1039/c8ta06551a,2018,NaMn0.5Ni0.5O2,NM55,,,Cycling performance,1.0,145.0,,15.0,0.1034482758620689,1.0,4.1,"{'Na': '1', 'Mn': '0.5', 'Ni': '0.5', 'O': '2'}"
10.1039/d1ta10329f,2021,Na0.67Ti0.33Mn0.33Ni0.33O2,,,,Rate performance,,86.0,,8.9,0.1034883720930232,2.5,4.15,"{'Na': '0.67', 'Ti': '0.33', 'Mn': '0.33', 'Ni': '0.33', 'O': '2'}"
10.1039/c9cc03156a,2019,Na0.9Cr0.9Ru0.1O2,NCRO,,,Rate performance,,96.1,,10.0,0.1040582726326743,1.5,3.8,"{'Na': '0.9', 'Cr': '0.9', 'Ru': '0.1', 'O': '2'}"
10.1016/j.electacta.2019.04.183,2019,P2-Na0.67Mn0.5Fe0.5O2,NFMO,900.0,12.0,Cycling performance,1.0,191.7,,20.0,0.1043296817944705,1.5,4.2,"{'Na': '0.67', 'Mn': '0.5', 'Fe': '0.5', 'O': '2'}"
10.1039/d2ta06951b,2022,O3-NaMn0.6Al0.4O2,NMA,900.0,15.0,Cycling performance,1.0,191.4,,20.0,0.1044932079414838,,,"{'Na': '1', 'Mn': '0.6', 'Al': '0.4', 'O': '2'}"
10.1039/d1ta10329f,2021,NaTi0.3Mn0.2Ni0.5O2,,,,Cycling performance,200.0,114.8,,12.0,0.1045296167247386,2.0,4.0,"{'Na': '1', 'Ti': '0.3', 'Mn': '0.2', 'Ni': '0.5', 'O': '2'}"
10.1016/j.matchemphys.2019.121933,2019,P2-Na0.67Mn0.75Co0.25O2,NMCO,900.0,12.0,Cycling performance,50.0,164.3,,17.2,0.1046865489957395,1.8,4.0,"{'Na': '0.67', 'Mn': '0.75', 'Co': '0.25', 'O': '2'}"
10.1016/j.matchemphys.2019.121933,2019,P2-Na0.67Mn0.75Co0.25O2,NMCO,900.0,12.0,Cycling performance,1.0,164.3,,17.2,0.1046865489957395,1.8,4.0,"{'Na': '0.67', 'Mn': '0.75', 'Co': '0.25', 'O': '2'}"
